id,plant_name,operator,parent_company,country,region,latitude,longitude,status,announced_year,start_year,nameplate_capacity_gwh,capacity_ref_year,capacity_by_year_json,capacity_timeline,chemistry,cell_format,end_market,jv_partners,source_url,source_date,confidence,is_cell_manufacturer,is_single_site
anqing-chaoren-energy-technology-co-ltd-chaowei-anqing-chaoren-sodium-ion-battery-plant-phase-i-china,Chaowei Anqing Chaoren Sodium-Ion Battery Plant (Phase I),"Anqing Chaoren Energy Technology Co., Ltd.",Chaowei Power Group (Chilwee),China,China,,,operational,,2026,6.5,2026,"{""2026"":2}",,sodium-ion (NFPP),,EV,,https://carnewschina.com/2026/06/16/chery-partner-sodium-battery-volume-production-begins-at-517-million-usd-plant/,2026-06-16,0.8,true,
bak-battery-bak-zhengzhou-plant-china,BAK Zhengzhou Plant,BAK Battery,Shenzhen BAK Power Battery (BAK Battery / CBAK),China,China,,,operational,2021,2024,30.0,2028,"{""2024"":2.5,""2026"":15,""2028"":30}",,"NMC (ternary), large-format cylindrical 46-series",cylindrical,mixed,,https://libattery.ofweek.com/2024-08/ART-36001-8120-30642678.html,2024-08-01,0.6,true,
bak-battery-shenzhen-bak-power-battery-bak-shenzhen-plant-bak-industrial-park-china,BAK Shenzhen Plant (BAK Industrial Park),BAK Battery (Shenzhen BAK Power Battery),"Shenzhen BAK Battery Co., Ltd.",China,China,,,operational,,2005,3.5,2018,,,NMC (ternary lithium),cylindrical,mixed,,"https://baike.baidu.com/en/item/Shenzhen%20BAK%20Battery%20Co.,%20Ltd./659883",2026-07-18,0.5,true,
byd-byd-findreams-xining-plant-qinghai-findreams-battery-co-ltd-china,"BYD FinDreams Xining plant (Qinghai FinDreams Battery Co., Ltd.)",BYD,"BYD Co., Ltd.",China,China,,,operational,2017,2018,24.0,2019,"{""2018"":10,""2019"":24}",,LFP,prismatic,EV / power batteries (electric vehicles),,https://en.byd.com/news/press-release-byd-builds-the-worlds-largest-battery-plant-in-lithium-rich-chinese-province/,2018-06-27,0.8,true,
byd-changzhou-east-china-base-byd-findreams-changzhou-plant-china,BYD FinDreams Changzhou plant,BYD (Changzhou / East China base),BYD Company Ltd,China,China,,,operational,2019,2021,,,,,,,EV,,https://en.wikipedia.org/wiki/BYD_Company,2026-07-18,0.4,false,
byd-findreams-battery-zhengzhou-fudi-battery-co-ltd-byd-findreams-fudi-zhengzhou-battery-plant-china,BYD FinDreams (Fudi) Zhengzhou battery plant,"BYD (FinDreams Battery / Zhengzhou Fudi Battery Co., Ltd.)","BYD Co., Ltd.",China,China,,,operational,2023,2024,40.0,2023,,,LFP (Blade battery),"Blade (long prismatic, cell-to-pack)",EV power batteries (with additional energy-storage battery capacity planned at the wider Zhengzhou base),,https://www.scmp.com/business/china-business/article/3211817/chinas-byd-breaks-ground-ev-battery-plant-betting-nearly-us1-billion-despite-concerns-oversupply,2023-04-06,0.6,true,
byd-findreams-battery-byd-findreams-xcmg-findreams-xuzhou-blade-battery-plant-china,BYD FinDreams (XCMG-FinDreams) Xuzhou Blade Battery Plant,BYD (FinDreams Battery),BYD,China,China,,,operational,2023,2024,15.0,2024,,,LFP (Blade),prismatic (Blade),Commercial vehicles and construction machinery,XCMG (Xuzhou Construction Machinery Group),https://www.electrive.com/2023/02/14/byd-to-build-new-factory-in-china/,2023-02-14,0.72,true,
byd-findreams-battery-byd-findreams-bengbu-plant-china,BYD FinDreams Bengbu plant,BYD (FinDreams Battery),"BYD Co., Ltd.",China,China,,,operational,2020,2022,20.0,2022,"{""2022"":10,""2023"":20}",,LFP (Blade battery),prismatic (Blade),EV / power battery,Bengbu municipal government (site/investment partner; BYD is sole operator),https://www.electrive.com/2020/12/22/china-byd-to-build-20-gwh-battery-plant-in-bengbu/,2020-12-22,0.75,true,
byd-findreams-byd-findreams-huizhou-plant-china,BYD FinDreams Huizhou plant,BYD FinDreams,BYD Company Ltd.,China,China,,,operational,2006,2007,2.0,2020,,,LFP,prismatic,mixed,,https://hs.bianmachaxun.com/qcc_company/details/351403,2026-07-18,0.4,true,
byd-findreams-battery-wuwei-findreams-battery-plant-byd-new-energy-power-battery-yangtze-river-delta-manufacturing-center-china,Wuwei FinDreams Battery plant (BYD New Energy Power Battery Yangtze River Delta Manufacturing Center),BYD FinDreams Battery,BYD,China,China,,,operational,2021,2024,25.0,2025,"{""2024"":10,""2025"":25}",,LFP (blade battery),prismatic,EV,,https://www.energytrend.com/news/20250808-50000.html,2025-08-08,0.72,true,
beijing-welion-new-energy-welion-new-energy-huzhou-semi-solid-plant-china,WeLion New Energy Huzhou Semi-Solid Plant,Beijing WeLion New Energy,"Beijing WeLion New Energy Technology Co., Ltd.",China,China,,,operational,,2023,20.0,2023,,,"semi-solid-state (hybrid solid-liquid lithium, high-nickel NMC, ~360 Wh/kg)",pouch,EV,,https://en.wikipedia.org/wiki/WeLion,2026-07-19,0.7,true,
benan-energy-technology-jiangsu-co-ltd-benan-energy-taicang-sodium-ion-plant-china,BenAn Energy Taicang sodium-ion plant,"Benan Energy Technology (Jiangsu) Co., Ltd.",BenAn Energy Ltd.,China,China,,,operational,2024,2020,0.1,2020,,,"aqueous sodium-ion (Prussian blue cathode, titanate anode, water electrolyte)",,ESS,,https://news.metal.com/newscontent/103076940/Benan-Energys-Sodium-Battery-Project-Enters-EIA-Stage-in-Taicang,2024-12-02,0.5,true,
calb-calb-changzhou-jintan-battery-base-china,CALB Changzhou (Jintan) battery base,CALB,"CALB Group Co., Ltd. (中创新航)",China,China,,,operational,2015,2017,70.0,2025,,"[{""year"": 2016, ""cumulative_gwh"": null, ""added_gwh"": 2.5, ""basis"": ""planned"", ""event"": ""Jan 2016 groundbreaking of the AVIC (now CALB) Jintan lithium-ion power battery base; phase 1 designed at 2.5 GWh; phases 1-3 total RMB 12.5bn / ~12.5 GWh planned. Phase 2 groundbreaking 28 Jun 2017."", ""source_url"": ""https://baike.baidu.com/item/%E4%B8%AD%E5%88%9B%E6%96%B0%E8%88%AA%E7%A7%91%E6%8A%80%E9%9B%86%E5%9B%A2%E8%82%A1%E4%BB%BD%E6%9C%89%E9%99%90%E5%85%AC%E5%8F%B8/62686928"", ""source_date"": ""2026-07-19""}, {""year"": 2021, ""cumulative_gwh"": 2.5, ""added_gwh"": null, ""basis"": ""operational"", ""event"": ""As of Apr 2021: phase 1 (2.5 GWh) in mass production; phase 2 (~6 GWh) under construction Dec 2020-May 2022; phase 3 (22 GWh) construction started Feb 2021, mass production expected H2 2021; total 70 GWh planned across six phases."", ""source_url"": ""https://libattery.ofweek.com/2021-04/ART-36001-8120-30493209.html"", ""source_date"": ""2021-04-01""}, {""year"": 2022, ""cumulative_gwh"": 30.5, ""added_gwh"": null, ""basis"": ""operational"", ""event"": ""Phases 1-3 in production by 2022 (phase 3 ~22 GWh ramped during 2022). Cumulative online summed from per-phase figures: 2.5 + ~6 + ~22 GWh."", ""source_url"": ""http://jsjjb.xhby.net/pc/con/202211/22/content_1135650.html"", ""source_date"": ""2022-11-22""}, {""year"": 2025, ""cumulative_gwh"": null, ""added_gwh"": 25, ""basis"": ""announced_target"", ""event"": ""Phase 4 high-performance lithium battery project (25 GWh designed, mainly EV cells) broke ground 19 Jun 2025 in Jintan; production targeted for Oct 2026. Not yet online."", ""source_url"": ""https://www.jintan.gov.cn/html/czjt/2025/IJLEQALK_0619/280800.html"", ""source_date"": ""2025-06-19""}, {""year"": 2025, ""cumulative_gwh"": null, ""added_gwh"": 30, ""basis"": ""planned"", ""event"": ""Further ~30 GWh/yr lithium-ion battery project at the Changzhou/Jintan base announced Nov 2025 (~RMB 12bn), in survey/design phase."", ""source_url"": ""https://finance.sina.com.cn/roll/2026-02-04/doc-inhkrtwp3712988.shtml"", ""source_date"": ""2026-02-04""}]",NMC (ternary) and LFP; solid-state in development,,EV / passenger-vehicle power batteries (also energy storage; new lines to serve drones and robotics),,http://www.changzhou.gov.cn/ns_news/165163780452770,2025-06-19,0.7,true,true
calb-calb-chengdu-plant-sichuan-base-china,CALB Chengdu plant (Sichuan base),CALB,"CALB Group Co., Ltd. (中创新航)",China,China,,,operational,2021,2022,50.0,2026,"{""2022"":20,""2026"":50}","[{""year"": 2021, ""cumulative_gwh"": 50, ""added_gwh"": null, ""basis"": ""announced_target"", ""event"": ""CALB announces 50 GWh two-phase battery plant in Chengdu, Sichuan (nothing yet online)."", ""source_url"": ""https://www.electrive.com/2021/04/23/calb-plans-to-build-50-gwh-battery-plant-in-chengdu/"", ""source_date"": ""2021-04-23""}, {""year"": 2022, ""cumulative_gwh"": 20, ""added_gwh"": 20, ""basis"": ""operational"", ""event"": ""Phase 1 (20 GWh, EV + ESS cells) completed and put into production in September 2022."", ""source_url"": ""https://www.ess-news.com/2025/04/02/calb-breaks-ground-on-1-7bn-battery-plant-in-china/"", ""source_date"": ""2025-04-02""}, {""year"": 2026, ""cumulative_gwh"": 50, ""added_gwh"": 30, ""basis"": ""announced_target"", ""event"": ""Phase 2 (+30 GWh, CNY 12bn / ~USD 1.67bn) broke ground 25 March 2025; production expected Q2 2026, taking site nameplate to 50 GWh. Target, not confirmed online."", ""source_url"": ""https://www.ess-news.com/2025/04/02/calb-breaks-ground-on-1-7bn-battery-plant-in-china/"", ""source_date"": ""2025-04-02""}]",LFP,,EV power batteries and energy storage systems,,https://www.electrive.com/2021/04/23/calb-plans-to-build-50-gwh-battery-plant-in-chengdu/,2026-07-18,0.82,true,true
calb-calb-hefei-plant-changfeng-xiatang-battery-base-china,CALB Hefei plant (Changfeng/Xiatang battery base),CALB,"CALB Group Co., Ltd. (中创新航)",China,China,,,operational,2021,2022,50.0,2024,"{""2022"":10,""2023"":20}","[{""year"": 2021, ""cumulative_gwh"": 50, ""added_gwh"": null, ""basis"": ""announced_target"", ""event"": ""Aug 2021: CALB signed investment agreement with Hefei/Changfeng county for a battery base at Xiatang town; ~CNY 24.8bn (US$3.8bn), ~1,250 mu, full design capacity 50 GWh/yr of power + storage cells. Nothing yet online."", ""source_url"": ""https://cnevpost.com/2021/08/11/ev-battery-maker-calb-to-build-3-8-billion-plant-in-hefei/"", ""source_date"": ""2021-08-11""}, {""year"": 2022, ""cumulative_gwh"": 10, ""added_gwh"": 10, ""basis"": ""operational"", ""event"": ""8 Oct 2022: first cells rolled off the line, marking Phase 1 into production. Chinese state/local-government sources put Phase 1 at ~10 GWh/yr. (English trade press instead described Phase 1 as 50 GWh - see notes.)"", ""source_url"": ""http://ah.people.com.cn/n2/2022/1009/c227131-40154165.html"", ""source_date"": ""2022-10-09""}, {""year"": 2023, ""cumulative_gwh"": 20, ""added_gwh"": 10, ""basis"": ""operational"", ""event"": ""Phase 2 (~10 GWh/yr) into production in March 2023 (originally targeted end-2022), bringing Phases 1+2 to ~20 GWh online; combined investment ~CNY 10bn."", ""source_url"": ""https://finance.sina.com.cn/stock/relnews/hk/2026-07-17/doc-iniiccva1502411.shtml"", ""source_date"": ""2026-07-17""}, {""year"": 2026, ""cumulative_gwh"": 30, ""added_gwh"": 10, ""basis"": ""planned"", ""event"": ""Phase 3 (10 GWh/yr, ~CNY 3.5bn, signed Oct 2022): as of 17 Jul 2026 gas supply/utilities completed and preparing for commissioning in 2026. Not yet confirmed in production."", ""source_url"": ""https://finance.sina.com.cn/stock/relnews/hk/2026-07-17/doc-iniiccva1502411.shtml"", ""source_date"": ""2026-07-17""}]","NMC (mid-nickel high-voltage NCM power cells, code L221) plus LFP for energy storage",prismatic (all-tab laminated),EV power batteries and grid/energy storage (ESS),,https://www.electrive.com/2022/10/10/calb-starts-manufacturing-batteries-at-new-hefei-plant/,2022-10-10,0.68,true,true
calb-calb-jiangmen-base-xinhui-china,CALB Jiangmen base (Xinhui),CALB,"CALB Group Co., Ltd. (中创新航)",China,China,,,operational,2022,2023,70.0,2027,"{""2023"":35,""2027"":70}","[{""year"": 2022, ""cumulative_gwh"": 50, ""added_gwh"": null, ""basis"": ""announced_target"", ""event"": ""CALB signed a cooperation agreement with the Jiangmen city government (26 Jan 2022) to build a power-battery and energy-storage base at Xinhui with a planned total annual capacity of 50 GWh across two phases; total investment RMB 20bn. Construction started March 2022."", ""source_url"": ""https://cnevpost.com/2022/01/27/calb-signs-deal-to-build-new-bases-in-guangdong-expected-to-shorten-battery-supply-to-xpeng/"", ""source_date"": ""2022-01-27""}, {""year"": 2023, ""cumulative_gwh"": null, ""added_gwh"": null, ""basis"": ""commissioned"", ""event"": ""Phase I first production line commissioned; first cells rolled off the line on 23 Apr 2023 (single line online; per-line GWh not stated by source)."", ""source_url"": ""https://www.yicaiglobal.com/news/20230424-08-catl-rival-calb-boosts-output-of-top-tier-batteries-via-jiangmen-plant"", ""source_date"": ""2023-04-24""}, {""year"": 2024, ""cumulative_gwh"": 35, ""added_gwh"": null, ""basis"": ""operational"", ""event"": ""Jiangmen Phase I fully online: all 5 production lines in operation, Phase I nameplate 35 GWh/yr (Phase I investment RMB 13.5bn). 2023 output value exceeded RMB 2bn. Reported by Jiangmen municipal government, 27 Feb 2024."", ""source_url"": ""http://www.jiangmen.gov.cn/home/bmdt/content/post_3041444.html"", ""source_date"": ""2024-02-27""}, {""year"": 2026, ""cumulative_gwh"": 70, ""added_gwh"": 35, ""basis"": ""planned"", ""event"": ""Phase II (35 GWh/yr power + storage batteries, ~42 ha, total investment ~RMB 12bn) passed environmental-impact-assessment approval in early Jan 2026 and entered construction; expected into production June 2027, taking the site total to ~70 GWh/yr. Increment above the original 50 GWh two-phase plan."", ""source_url"": ""http://www.xinhui.gov.cn/attachment/0/250/250178/2735906.pdf"", ""source_date"": ""2026-02-04""}]",LFP,"prismatic (short-blade / ""OS"" LFP cell)",EV power batteries and energy storage systems (ESS),,https://www.energytrend.com/news/20260320-51115.html,2026-03-20,0.82,true,true
calb-calb-meishan-power-battery-and-energy-storage-base-pengshan-meishan-sichuan-china,"CALB Meishan power battery and energy storage base (Pengshan, Meishan, Sichuan)",CALB,"CALB Group Co., Ltd.",China,China,,,operational,2022,2023,40.0,2023,"{""2023"":20}",,LFP,,EV power battery and stationary energy storage,,https://www.autothinker.net/Home/Publicsentiment/daily_express_details/id/179998/date/index.html,2026-07-18,0.72,true,
calb-calb-wuhan-base-zhonghang-xinhang-wuhan-power-and-energy-storage-battery-base-china,CALB Wuhan Base (Zhonghang Xinhang Wuhan power and energy storage battery base),CALB,"CALB Group Co., Ltd. (中创新航科技集团)",China,China,,,operational,,2022,40.0,2026,,,LFP,,EV (power) and stationary energy storage (ESS),,https://autonews.gasgoo.com/articles/ev/calb-wuhan-base-output-value-exceeds-10-billion-yuan-phase-iv-battery-pack-project-to-start-production-in-2026-2014337256272011265,2026-01-21,0.8,true,
calb-calb-xiamen-battery-base-china,CALB Xiamen battery base,CALB,"CALB Group Co., Ltd.",China,China,,,operational,2021,2023,60.0,2027,"{""2023"":10,""2027"":60}","[{""year"": 2020, ""cumulative_gwh"": 10, ""added_gwh"": 10, ""basis"": ""operational"", ""event"": ""Phase 1 commenced production at end of 2020. Phases 1 and 2 together = 20 GWh and Phase 2 is stated at 10 GWh, implying Phase 1 ~10 GWh."", ""source_url"": ""https://autonews.gasgoo.com/articles/market-industry/70019680"", ""source_date"": ""2026-07-19""}, {""year"": 2021, ""cumulative_gwh"": 10, ""added_gwh"": null, ""basis"": ""planned"", ""event"": ""Phase 2 groundbreaking on 2 March 2021, targeting 10 GWh/yr. Not yet online, so cumulative online capacity unchanged."", ""source_url"": ""https://autonews.gasgoo.com/articles/market-industry/70019680"", ""source_date"": ""2026-07-19""}, {""year"": 2022, ""cumulative_gwh"": 20, ""added_gwh"": 10, ""basis"": ""commissioned"", ""event"": ""Phase 2 (10 GWh) completed whole-line equipment commissioning and started full-line feeding on 30 August 2022."", ""source_url"": ""https://www.energytrend.com/news/20260421-51279.html"", ""source_date"": ""2026-04-21""}, {""year"": 2023, ""cumulative_gwh"": 30, ""added_gwh"": 10, ""basis"": ""operational"", ""event"": ""Phase 3 Stage 1 (10 GWh, first tranche of the 40 GWh Phase 3) scheduled operational Q1 2023 (Gasgoo). April 2026 reports confirm the Xiamen base has 30 GWh built and in production, consistent with Phase 1 (10) + Phase 2 (10) + Phase 3 Stage 1 (10)."", ""source_url"": ""https://www.energytrend.com/news/20260421-51279.html"", ""source_date"": ""2026-04-21""}, {""year"": 2025, ""cumulative_gwh"": 30, ""added_gwh"": null, ""basis"": ""planned"", ""event"": ""New 15bn RMB high-performance lithium battery project (30 GWh planned, = Phase 3 Stages 2 and 3) formally broke ground on 5 February 2025; on completion the Xiamen base reaches 60 GWh/yr. No new capacity online yet."", ""source_url"": ""https://libattery.ofweek.com/2025-02/ART-36008-8120-30656365.html"", ""source_date"": ""2025-02-05""}, {""year"": 2026, ""cumulative_gwh"": 50, ""added_gwh"": 20, ""basis"": ""announced_target"", ""event"": ""Phase 3 Stage 2 (20 GWh, 5 lines) in trial production as of April 2026, with formal launch expected May 2026. Not yet confirmed as in mass production."", ""source_url"": ""https://finance.sina.com.cn/wm/2026-04-21/doc-inhvfytk4964952.shtml"", ""source_date"": ""2026-04-21""}, {""year"": 2027, ""cumulative_gwh"": 60, ""added_gwh"": 10, ""basis"": ""planned"", ""event"": ""Phase 3 Stage 3 (10 GWh) construction began late March 2026, topping-out expected September 2026, production expected March 2027. Brings Xiamen base to its full 60 GWh/yr nameplate across three phases."", ""source_url"": ""https://finance.sina.com.cn/wm/2026-04-21/doc-inhvfytk4964952.shtml"", ""source_date"": ""2026-04-21""}]",Li-ion (LFP and NMC),,EV and ESS,,https://autonews.gasgoo.com/articles/market-industry/70019680,2025-04-02,0.7,true,true
calb-calb-xinyang-base-51-gwh-power-energy-storage-battery-project-china,CALB Xinyang base (51 GWh power & energy storage battery project),CALB,"CALB Co., Ltd. (中创新航)",China,China,,,under_construction,2025,2026,51.0,2028,,"[{""year"": 2026, ""cumulative_gwh"": null, ""added_gwh"": null, ""basis"": ""planned"", ""event"": ""Groundbreaking 10 Jan 2026 in Yudongnan High-Tech Zone, Henan; RMB 9.63bn total investment; 51 GWh power + energy-storage cell lines planned; production planned to start Oct 2026 (no per-phase GWh figure published)."", ""source_url"": ""https://finance.sina.com.cn/roll/2026-01-14/doc-inhhhhqp5072066.shtml"", ""source_date"": ""2026-01-14""}, {""year"": 2028, ""cumulative_gwh"": 51, ""added_gwh"": null, ""basis"": ""announced_target"", ""event"": ""Full capacity (达产) of 51 GWh targeted for January 2028 per the project announcement."", ""source_url"": ""https://finance.sina.com.cn/roll/2026-01-14/doc-inhhhhqp5072066.shtml"", ""source_date"": ""2026-01-14""}]",,,mixed,"Xinyang Yudongnan Industrial Investment Co., Ltd. (信阳豫东南产业投资有限公司)",https://www.itdcw.com/news/focus/01121530542026.html,2026-01-12,0.85,true,true
calb-calb-leapmotor-wuyi-cell-plant-jinhua-china,CALB–Leapmotor Wuyi cell plant (Jinhua),CALB,"CALB Group Co., Ltd.",China,China,,,under_construction,2025,2026,33.6,2025,,,LFP,,EV,"CALB, Leapmotor",https://www.marklines.com/en/news/336690,2025-12-01,0.8,true,
calb-technology-handan-co-ltd-calb-power-battery-and-energy-storage-battery-system-handan-base-china,CALB Power Battery and Energy Storage Battery System Handan Base,"CALB Technology (Handan) Co., Ltd.","CALB Group Co., Ltd. (中创新航)",China,China,,,under_construction,2025,2026,51.0,2026,"{""2026"":12}","[{""year"": 2025, ""cumulative_gwh"": 51, ""added_gwh"": null, ""basis"": ""announced_target"", ""event"": ""CALB signs JV agreement with Handan municipal government to build a 51 GWh/yr power & energy-storage battery base; total investment ~RMB 10bn, JV registered capital RMB 4bn (CALB 60% / Handan SOE 40%). Full-base target announced; nothing yet built."", ""source_url"": ""https://www.thepaper.cn/newsDetail_forward_30900043"", ""source_date"": ""2025-05-28""}, {""year"": 2025, ""cumulative_gwh"": 12, ""added_gwh"": 12, ""basis"": ""planned"", ""event"": ""Phase 1 project filing (备案) approved for CALB Technology (Handan): 12 GWh/yr power & ESS cells, ~RMB 5.4bn Phase 1 investment. First tranche of the 51 GWh base."", ""source_url"": ""https://finance.sina.com.cn/stock/relnews/hk/2025-10-10/doc-inftmhcm5964929.shtml"", ""source_date"": ""2025-10-10""}, {""year"": 2026, ""cumulative_gwh"": 12, ""added_gwh"": null, ""basis"": ""planned"", ""event"": ""Construction milestone: M1 electrode workshop and M2 cell workshop main structures topped out; first high-precision coating machines arriving, transition to equipment-installation phase; Phase 1 (12 GWh/yr) targeted to start production September 2026, full base 51 GWh/yr on completion. Still under construction, no cells produced yet."", ""source_url"": ""https://www.itdcw.com/news/focus/05031553W2026.html"", ""source_date"": ""2026-05-03""}]",LFP,prismatic,mixed,"CALB (60%), Handan local state-owned enterprise(s) (40%)",https://www.itdcw.com/news/focus/05031553W2026.html,2026-05-03,0.8,true,true
catl-catl-dongying-zero-carbon-industrial-park-lithium-battery-manufacturing-base-china,CATL Dongying Zero-Carbon Industrial Park (lithium battery manufacturing base),CATL,Contemporary Amperex Technology Co. Ltd (CATL),China,China,,,under_construction,2025,2026,40.0,2026,"{""2026"":40}",,lithium-ion (specific chemistry not disclosed),,,,https://www.energytrend.com/news/20250729-49941.html,2025-07-29,0.8,true,
catl-catl-fuding-fuding-shidai-production-base-china,CATL Fuding (Fuding Shidai) production base,CATL,"Contemporary Amperex Technology Co., Limited (CATL)",China,China,,,operational,2019,2021,120.0,2022,"{""2021"":60,""2022"":120}","[{""year"": 2021, ""cumulative_gwh"": null, ""added_gwh"": null, ""basis"": ""announced_target"", ""event"": ""Fuding Shidai base publicised as CATL's largest single project: planned total 120 GWh across five factory buildings, ~RMB100bn industrial output. Phase 1 (broke ground Jan 2021, RMB17bn) sized at 60 GWh."", ""source_url"": ""https://cnevpost.com/2021/12/22/catls-largest-battery-facility-with-planned-capacity-of-120-gwh-begins-production/"", ""source_date"": ""2021-12-22""}, {""year"": 2021, ""cumulative_gwh"": null, ""added_gwh"": null, ""basis"": ""commissioned"", ""event"": ""Phase 1 first production line put into operation in Dec 2021 (~330 days from piling); No.1 and No.2 cell factories completed/commissioned, No.4 under construction. Source states production began but does NOT quantify GWh actually online (phase-1 nameplate 60 GWh)."", ""source_url"": ""https://cnevpost.com/2021/12/22/catls-largest-battery-facility-with-planned-capacity-of-120-gwh-begins-production/"", ""source_date"": ""2021-12-22""}, {""year"": 2025, ""cumulative_gwh"": 85, ""added_gwh"": null, ""basis"": ""operational"", ""event"": ""Four cell factories (No.1-No.4) plus a module factory completed and commissioned; total capacity stated as exceeding 85 GWh."", ""source_url"": ""https://www.energytrend.com/news/20250304-49094.html"", ""source_date"": ""2025-03-04""}, {""year"": 2025, ""cumulative_gwh"": 110, ""added_gwh"": 25, ""basis"": ""announced_target"", ""event"": ""No.5 gigafactory (25 GWh power cells; construction started 2024-10-21, topped out 2025-03-01, expected into production ~Aug 2025) would raise base total to 110 GWh. Target as of source date, not yet producing."", ""source_url"": ""https://www.energytrend.com/news/20250304-49094.html"", ""source_date"": ""2025-03-04""}, {""year"": 2026, ""cumulative_gwh"": 149, ""added_gwh"": 40, ""basis"": ""planned"", ""event"": ""Phase 6: CATL subsidiary Fuding Shidai to invest ~RMB5bn (~$735m) in a 40 GWh sodium-ion battery line (24-month build, ~2028). Phases 1-5 disclosed total 109 GWh (84 GWh Li-ion in phases 2-3, 25 GWh phase 5); phase 6 lifts planned total to 149 GWh."", ""source_url"": ""https://cnevpost.com/2026/05/09/catl-plans-40-gwh-sodium-battery-capacity-expansion/"", ""source_date"": ""2026-05-09""}]",mixed (lithium-ion LFP/NMC; sodium-ion added in phase-six expansion),mixed,mixed,,https://cnevpost.com/2021/12/22/catls-largest-battery-facility-with-planned-capacity-of-120-gwh-begins-production/,2026-07-18,0.8,true,true
catl-catl-guiyang-gui-an-battery-production-base-china,CATL Guiyang (Gui'an) battery production base,CATL,Contemporary Amperex Technology Co. Ltd (CATL),China,China,,,operational,,2023,60.0,2023,"{""2023"":30}","[{""year"": 2021, ""cumulative_gwh"": null, ""added_gwh"": null, ""basis"": ""announced_target"", ""event"": ""Phase 1 investment agreement (30 GWh EV + ESS) signed in Gui'an New Area in Nov 2021; construction began early 2022. Site master plan = 60 GWh across two phases. Nothing online yet."", ""source_url"": ""https://www.gz.chinanews.com.cn/zxgz/2026-01-06/doc-iheyrpiu8993509.shtml"", ""source_date"": ""2026-01-06""}, {""year"": 2023, ""cumulative_gwh"": 30, ""added_gwh"": 30, ""basis"": ""operational"", ""event"": ""Phase 1 commissioned / inauguration ceremony held 27 Oct 2023 in Gui'an New Area. Designed annual capacity 30 GWh EV + ESS cells (~885 mu, ~RMB7bn), 95% automation, 'one cell per second'. First and to date only operational capacity at the site."", ""source_url"": ""https://www.catl.com/en/news/6131.html"", ""source_date"": ""2023-10-27""}, {""year"": 2026, ""cumulative_gwh"": 60, ""added_gwh"": 30, ""basis"": ""announced_target"", ""event"": ""Phase 2 investment cooperation agreement (30 GWh power & ESS batteries, ~550 mu) signed between Gui'an New Area and CATL in early Jan 2026, built on the operational Phase 1. Would take the site to its full 60 GWh plan. Planned/announced only — not yet under construction or online as of the source date."", ""source_url"": ""https://www.guiyang.gov.cn/zwgk/zwgkxwdt/zwgkxwdtbmdt/202601/t20260106_89121815.html"", ""source_date"": ""2026-01-06""}]",LFP and NMC (ternary),,"EV and energy storage (clients include Volkswagen, Peugeot)",,https://cnevpost.com/2023/10/30/catl-puts-guizhou-battery-production-base-into-operation/,2023-10-30,0.9,true,true
catl-catl-jining-plant-shandong-times-energy-storage-and-power-battery-base-china,CATL Jining plant (Shandong Times energy storage and power battery base),CATL,"Contemporary Amperex Technology Co., Ltd. (CATL)",China,China,,,operational,2022,2025,160.0,2027,"{""2025"":60}","[{""year"": 2022, ""cumulative_gwh"": null, ""added_gwh"": null, ""basis"": ""announced_target"", ""event"": ""CATL announces the Shandong Times new-energy battery base in Yanzhou district, Jining, Shandong. Total investment RMB 14bn (~$2.1bn). No firm nameplate GWh stated in the original announcement; wholly-owned subsidiary Shandong Times initially planned ~30 GWh of Li-ion power batteries, later raised."", ""source_url"": ""https://cnevpost.com/2022/07/22/catl-to-invest-up-to-2-1-billion-in-new-production-base-in-shandong-province/"", ""source_date"": ""2022-07-22""}, {""year"": 2025, ""cumulative_gwh"": 60, ""added_gwh"": 60, ""basis"": ""operational"", ""event"": ""Phase I officially into production (May 2025). Phase I nameplate 60 GWh; ~800 mu, ~520,000 sqm floor area; CATL's first base in northern China. Confirmed by CATL and multiple outlets."", ""source_url"": ""https://cnevpost.com/2025/05/19/catl-jining-base-production/"", ""source_date"": ""2025-05-19""}, {""year"": 2026, ""cumulative_gwh"": 120, ""added_gwh"": 60, ""basis"": ""commissioned"", ""event"": ""Phase II (three production lines, 60 GWh energy-storage battery) fully completed / into production in April 2026, taking the site to 120 GWh online across Phases I and II."", ""source_url"": ""https://autonews.gasgoo.com/articles/ev/catl-raises-another-5-billion-yuan-to-fuel-growth-2060246472355008513"", ""source_date"": ""2026-05-29""}, {""year"": 2027, ""cumulative_gwh"": 160, ""added_gwh"": 40, ""basis"": ""announced_target"", ""event"": ""Full-base target of 160 GWh across three phases (Phase I 60 GWh storage/power + Phase II 60 GWh storage + Phase III ~40 GWh heavy-truck batteries). Phases II and III stated in May 2025 to come online 'over the next two years'; Phase III still outstanding as of mid-2026."", ""source_url"": ""https://cnevpost.com/2025/05/19/catl-jining-base-production/"", ""source_date"": ""2025-05-19""}]",LFP and sodium-ion (energy storage and EV battery cells; produces 587Ah large-format energy-storage cells),Prismatic (large-format 587Ah energy-storage cells),Energy storage (BESS) and EV power batteries,"Operated via CATL subsidiary Shandong Times New Energy Technology Co., Ltd.; no external JV partner identified",https://cnevpost.com/2025/05/19/catl-jining-base-production/,2025-05-19,0.8,true,true
catl-catl-liyang-plant-jiangsu-contemporary-amperex-technology-china,CATL Liyang plant (Jiangsu Contemporary Amperex Technology),CATL,CATL (Contemporary Amperex Technology Co. Limited),China,China,,,operational,2018,2019,126.0,2023,"{""2021"":86,""2022"":126}","[{""year"": 2016, ""cumulative_gwh"": 10, ""added_gwh"": 10, ""basis"": ""planned"", ""event"": ""Jiangsu Times New Energy registered in Liyang (June 2016); environmental impact assessment for a 10 GWh power/energy-storage li-ion battery R&D and production project (phase 1) approved December 2016."", ""source_url"": ""http://www.news.cn/fortune/20250916/77b2f4d29f6e4cd8a8899bb27c9b0d59/c.html"", ""source_date"": ""2025-09-16""}, {""year"": 2021, ""cumulative_gwh"": 126, ""added_gwh"": 40, ""basis"": ""announced_target"", ""event"": ""Fourth phase (12 li-ion production lines, 40 GWh/yr, investment <=1.2bn yuan) under construction, reported to raise total battery capacity at the Liyang complex to 126 GWh/yr. Implies ~86 GWh across earlier phases 1-3."", ""source_url"": ""https://www.argusmedia.com/en/news/2182424-catl-builds-fourth-phase-of-jiangsu-battery-plant"", ""source_date"": ""2021-01-08""}, {""year"": 2025, ""cumulative_gwh"": null, ""added_gwh"": null, ""basis"": ""commissioned"", ""event"": ""LY7 lighthouse-factory project put into production (29 August 2025); LY8 project simultaneously launched (targeted completion end-March 2026). No standalone GWh figure disclosed for LY7 in available sources."", ""source_url"": ""https://www.changzhou.gov.cn/ns_news/644175668857764"", ""source_date"": ""2025-08-29""}, {""year"": 2025, ""cumulative_gwh"": null, ""added_gwh"": 60, ""basis"": ""announced_target"", ""event"": ""LY9 project (Jiangsu Times lighthouse-factory base phase 3) signed in Liyang High-tech Zone: 60 GWh/yr of power and energy-storage li-ion battery capacity, investment up to 10bn yuan."", ""source_url"": ""https://finance.sina.com.cn/roll/2025-11-27/doc-infyvnye0161954.shtml"", ""source_date"": ""2025-11-27""}]",Li-ion (LFP and NMC),,EV / energy storage,,https://www.world-energy.org/article/15686.html,2024-01-15,0.82,true,false
catl-catl-luoyang-zhongzhou-times-new-energy-battery-base-china,CATL Luoyang (Zhongzhou Times) new-energy battery base,CATL,CATL (Contemporary Amperex Technology Co. Limited),China,China,,,operational,2022,2024,120.0,2026,"{""2024"":30,""2025"":60,""2026"":120}","[{""year"": 2024, ""cumulative_gwh"": 30, ""added_gwh"": 30, ""basis"": ""operational"", ""event"": ""Phase 1 (30 GWh/yr; 3 cell + 10 pack lines) put into operation; plant reported operational July 2024, cell production line officially in production November 2024"", ""source_url"": ""https://www.energytrend.com/news/20240722-47945.html"", ""source_date"": ""2024-07-22""}, {""year"": 2025, ""cumulative_gwh"": 60, ""added_gwh"": 30, ""basis"": ""operational"", ""event"": ""Phase 2 (further 30 GWh/yr; 3 cell + 10 pack lines) officially put into production Sept-Oct 2025; phases I+II total 60 GWh/yr online"", ""source_url"": ""https://libattery.ofweek.com/2025-10/ART-36001-8120-30671815.html"", ""source_date"": ""2025-10-05""}, {""year"": 2026, ""cumulative_gwh"": 120, ""added_gwh"": 60, ""basis"": ""announced_target"", ""event"": ""Four-phase base planned to reach ~120 GWh/yr; phases 3 & 4 (reported 60% and 25% complete) targeted for completion by October 2026"", ""source_url"": ""https://libattery.ofweek.com/2025-03/ART-36008-8120-30659539.html"", ""source_date"": ""2025-03-01""}]",LFP,,EV and energy storage,,https://www.energytrend.com/news/20250723-49921.html,2026-07-18,0.82,true,true
catl-catl-ningde-plant-ningde-manufacturing-hub-china,CATL Ningde plant (Ningde manufacturing hub),CATL,"Contemporary Amperex Technology Co., Limited (CATL)",China,China,26.6617,119.5686,operational,,2011,330.0,2025,,"[{""year"": 2021, ""cumulative_gwh"": null, ""added_gwh"": 60, ""basis"": ""commissioned"", ""event"": ""Fuding base (one of CATL's Ningde-city bases) began cell production 21 Dec 2021 with 60 GWh/yr phase 1; construction had started 2 Mar 2021. This is a single sub-base within the hub, not the whole-hub total."", ""source_url"": ""https://cnevpost.com/2021/12/22/catls-largest-battery-facility-with-planned-capacity-of-120-gwh-begins-production/"", ""source_date"": ""2021-12-22""}, {""year"": 2021, ""cumulative_gwh"": 120, ""added_gwh"": null, ""basis"": ""announced_target"", ""event"": ""Fuding base full planned nameplate of 120 GWh/yr when both phases complete (phase 1 = 60 GWh online Dec 2021)."", ""source_url"": ""https://www.electrive.com/2021/12/22/catl-launches-cell-production-in-new-60-gwh-factory/"", ""source_date"": ""2021-12-22""}, {""year"": 2025, ""cumulative_gwh"": 330, ""added_gwh"": null, ""basis"": ""operational"", ""event"": ""CATL's production bases across Ningde city reported at a combined 330 GWh/yr total capacity as of end-2025 (multi-base HUB aggregate, not a single plant), with a further ~170 GWh under construction or planned."", ""source_url"": ""https://www.fujian.gov.cn/english/news/202601/t20260116_7081477.htm"", ""source_date"": ""2026-01-16""}]",Lithium-ion (LFP and NMC); sodium-ion capacity being added,,EV and stationary energy storage batteries,,https://www.fujian.gov.cn/english/news/202601/t20260116_7081477.htm,2026-01-16,0.6,true,false
catl-catl-shanghai-lingang-battery-base-nanhui-new-city-china,CATL Shanghai Lingang battery base (Nanhui New City),CATL,Contemporary Amperex Technology Co. Ltd. (CATL),China,China,,,operational,2021,2021,80.0,2026,,"[{""year"": 2021, ""cumulative_gwh"": 80, ""added_gwh"": 80, ""basis"": ""announced_target"", ""event"": ""CATL signs cooperation agreement with Lingang Special Area / Lingang Group for a Shanghai battery base; plant announced with planned capacity of ~80 GWh/yr of battery cells, ~2.8bn yuan (~USD 444m) investment. Target figure - not yet online."", ""source_url"": ""https://finance.sina.com.cn/tech/2021-08-18/doc-ikqciyzm2254192.shtml"", ""source_date"": ""2021-08-18""}, {""year"": 2022, ""cumulative_gwh"": null, ""added_gwh"": null, ""basis"": ""operational"", ""event"": ""Plant in production and delivering first LFP cells to Tesla Giga Shanghai (work began ~Sept 2021, first supply ~Nov 2021). Reported running at ~60% of its target capacity - a ratio only; no GWh online figure was disclosed, so cumulative online capacity is left null rather than inferred."", ""source_url"": ""https://www.electrive.com/2022/01/08/catl-delivers-first-lfp-cells-to-tesla-giga-shanghai/"", ""source_date"": ""2022-01-08""}, {""year"": 2022, ""cumulative_gwh"": null, ""added_gwh"": null, ""basis"": ""planned"", ""event"": ""Groundbreaking on same-site expansion in Lingang: Ruiting (CATL) Intelligent Power System project phase 2 plus a CATL Intelligent Technology cell-to-chassis project (~2.8bn yuan / ~USD 440m). No new total site-capacity figure was published with the groundbreaking."", ""source_url"": ""https://cnevpost.com/2022/02/19/catl-breaks-ground-on-440-million-plant-near-tesla-giga-shanghai/"", ""source_date"": ""2022-02-19""}]",LFP,,EV,,https://en.wikipedia.org/wiki/CATL,2026-07-18,0.55,true,true
catl-catl-xiamen-battery-base-xiamen-times-new-energy-china,CATL Xiamen battery base (Xiamen Times New Energy),CATL,CATL (Contemporary Amperex Technology Co. Ltd),China,China,,,under_construction,2022,2024,90.0,2026,"{""2023"":60,""2026"":90}","[{""year"": 2022, ""cumulative_gwh"": 60, ""added_gwh"": 60, ""basis"": ""announced_target"", ""event"": ""Phase 1 (一期) of the Xiamen Times New Energy battery industrial base breaks ground in Tongxiang High-tech City (同翔高新城), Tong'an, Xiamen. Investment up to 13bn yuan; planned 60 GWh/yr of power + energy-storage cell lines. Nothing online yet."", ""source_url"": ""https://m.bjx.com.cn/mnews/20220907/1253631.shtml"", ""source_date"": ""2022-09-07""}, {""year"": 2023, ""cumulative_gwh"": null, ""added_gwh"": null, ""basis"": ""planned"", ""event"": ""As of mid-Oct 2023, Phase 1 stage-1 buildings handed over to production departments; trial production expected by year-end 2023. Source gives no confirmed online-GWh split, so no cumulative figure recorded."", ""source_url"": ""https://news.xmnn.cn/xmxw/202310/t20231021_108634.html"", ""source_date"": ""2023-10-21""}, {""year"": 2025, ""cumulative_gwh"": 60, ""added_gwh"": null, ""basis"": ""planned"", ""event"": ""Phase 1 stage-2 (completing the 60 GWh) under accelerated construction, expected full delivery/handover by end-2025 (per July 2025 status of Xiamen's four battery projects, total 33.9bn yuan)."", ""source_url"": ""https://finance.sina.com.cn/stock/relnews/cn/2025-07-28/doc-infhzpnv0154009.shtml"", ""source_date"": ""2025-07-28""}, {""year"": 2026, ""cumulative_gwh"": 90, ""added_gwh"": 30, ""basis"": ""announced_target"", ""event"": ""Phase 2 (二期), a separate 30 GWh/yr power-battery line (entity 厦门时代新能源动力科技, est. Aug 2025; construction from Apr 2025), targets trial production in Q2 2026, taking the base to ~90 GWh/yr."", ""source_url"": ""https://finance.sina.com.cn/stock/relnews/cn/2025-07-28/doc-infhzpnv0154009.shtml"", ""source_date"": ""2025-07-28""}]",Li-ion (LFP and NMC) - power and energy-storage cells,,EV power batteries and stationary energy storage,,https://finance.sina.com.cn/roll/2025-09-11/doc-infqasqr8699286.shtml,2025-09-11,0.6,true,true
catl-catl-xining-plant-qinghai-times-new-energy-technology-co-ltd-china,"CATL Xining plant (Qinghai Times New Energy Technology Co., Ltd.)",CATL,"Contemporary Amperex Technology Co., Ltd. (CATL)",China,China,,,operational,2012,,10.5,2024,"{""2024"":10.5}",,Li-ion (power + energy-storage lithium batteries; LFP/NMC split not specified in sources),,EV power batteries and energy storage,,http://www.qinghai.gov.cn/zwgk/system/2024/01/08/030034239.shtml,2024-01-08,0.8,true,
catl-catl-yibin-power-battery-base-china,CATL Yibin power battery base,CATL,Contemporary Amperex Technology Co. Limited (CATL),China,China,,,operational,2019,2021,300.0,2025,"{""2021"":15,""2022"":30,""2023"":24}","[{""year"": 2021, ""cumulative_gwh"": 15, ""added_gwh"": 15, ""basis"": ""operational"", ""event"": ""Phase 1 (first section) commissioned at ~15 GWh/yr; total base then planned across six phases."", ""source_url"": ""https://www.electrive.com/2021/06/21/catl-puts-yibin-15-gwh-plant-section-into-operation/"", ""source_date"": ""2021-06-21""}, {""year"": 2022, ""cumulative_gwh"": 125, ""added_gwh"": null, ""basis"": ""operational"", ""event"": ""Sichuan Times phases 1, 2, 3, 5, 6 reported commissioned, ~125 GWh/yr online (moderate confidence, trade-press)."", ""source_url"": ""https://www.21jingji.com/article/20221230/herald/7a862155779e05d3543105637d6f0dfd.html"", ""source_date"": ""2022-12-30""}, {""year"": 2023, ""cumulative_gwh"": null, ""added_gwh"": null, ""basis"": ""commissioned"", ""event"": ""Phase 7 (Times Chang'an, part of ~50 GWh phases 7-8) put into production June 2023; first plant commissioned in the Changjiang industrial park. Base-wide cumulative total not stated for this date."", ""source_url"": ""https://www.chuannan.net/chengshi/43308.html"", ""source_date"": ""2023-06-01""}, {""year"": 2024, ""cumulative_gwh"": 180, ""added_gwh"": null, ""basis"": ""operational"", ""event"": ""Seven factories operational (Sichuan Times phases 1,2,3,5,6 + Times Geely + Times Chang'an) totalling 180 GWh/yr; base output surpassed 100bn yuan."", ""source_url"": ""https://news.qq.com/rain/a/20240819A09IC400"", ""source_date"": ""2024-08-19""}, {""year"": 2025, ""cumulative_gwh"": 210, ""added_gwh"": 30, ""basis"": ""operational"", ""event"": ""Times Chang'an phase-1 expansion (30 GWh/yr) commissioned 10 Nov 2025, lifting base operational capacity from 180 to 210 GWh/yr."", ""source_url"": ""https://cn.solarbe.com/news/20251114/50012614.html"", ""source_date"": ""2025-11-14""}, {""year"": 2026, ""cumulative_gwh"": 300, ""added_gwh"": null, ""basis"": ""announced_target"", ""event"": ""Target: with phases 8 and 9 commissioning and all 11 Yibin factories complete, base capacity to reach 300 GWh/yr in 2026 (planned, not yet online)."", ""source_url"": ""https://sichuan.scol.com.cn/ggxw/202511/83154419.html"", ""source_date"": ""2025-11-14""}]","LFP, NMC",,EV power batteries and energy storage,,https://autonews.gasgoo.com/m/70018334.html,2022-10-05,0.7,true,false
catl-catl-yichun-battery-production-base-china,CATL Yichun battery production base,CATL,"Contemporary Amperex Technology Co., Limited (CATL)",China,China,,,operational,2021,2023,50.0,2023,,"[{""year"": 2021, ""cumulative_gwh"": 50, ""added_gwh"": 50, ""basis"": ""planned"", ""event"": ""Groundbreaking (奠基) 28 Oct 2021 of the Yichun Times (宜春时代) battery base in Yichun Economic Development Zone; phase 1 investment ¥13.5bn, planned 50 GWh/yr nameplate. Construction officially started 24 Dec 2021."", ""source_url"": ""https://finance.eastmoney.com/a/202110282160686320.html"", ""source_date"": ""2021-10-28""}, {""year"": 2023, ""cumulative_gwh"": 50, ""added_gwh"": null, ""basis"": ""announced_target"", ""event"": ""Official project plan (as reported Sep 2022): phase-1 base (50 GWh/yr) to begin trial production Mar 2023 and reach full production (达产) Jun 2023; phase-1 plant 1 (一期一厂) design capacity ~32 GWh/yr. Projected annual revenue ~¥50bn at full build. Trade reports place plant 1 trial production around mid-2023."", ""source_url"": ""https://www.stcn.com/stock/djjd/202209/t20220905_4840788.html"", ""source_date"": ""2022-09-05""}, {""year"": 2024, ""cumulative_gwh"": 70, ""added_gwh"": null, ""basis"": ""operational"", ""event"": ""Xinhua/government retrospective states the base's capacity had expanded from 50 GWh/yr to over 70 GWh/yr by end-2024, with annual output value exceeding ¥5bn. (>70 GWh recorded conservatively as 70.)"", ""source_url"": ""https://city.news.cn/20241220/b7cb18fef2084c109de1e475f78920d4/c.html"", ""source_date"": ""2024-12-20""}]",LFP,,,,https://insideevs.com/news/544249/catl-new-50gwh-battery-plant/,2026-07-18,0.65,true,true
catl-catl-zhaoqing-plant-china,CATL Zhaoqing plant,CATL,Contemporary Amperex Technology Co. Limited (CATL),China,China,,,operational,2021,2022,25.0,2022,,,LFP,,EV and energy storage (ESS),,https://www.catl.com/en/news/954.html,2026-07-18,0.85,true,
catl-luoyuan-times-new-energy-battery-industrial-base-luoyuan-china,Luoyuan Times New Energy Battery Industrial Base (Luoyuan),CATL,"CATL (Contemporary Amperex Technology Co., Ltd.)",China,China,,,under_construction,2025,,40.0,2026,,,,,,,https://www.energytrend.com/news/20250427-49330.html,2026-07-19,0.78,true,
camel-group-camel-xiangyang-new-energy-low-carbon-industrial-park-china,Camel Xiangyang New Energy Low-Carbon Industrial Park,Camel Group,"Camel Group Co., Ltd. (601311)",China,China,,,under_construction,2023,2024,10.0,2025,"{""2024"":2,""2025"":2}",,"mixed (LFP, NMC)",,mixed,,https://m.bjx.com.cn/mnews/20230301/1291802.shtml,2023-03-01,0.6,true,
changsha-findreams-battery-findreams-battery-byd-findreams-changsha-plant-ningxiang-china,BYD FinDreams Changsha plant (Ningxiang),Changsha FinDreams Battery (FinDreams Battery),BYD Company,China,China,,,operational,2019,2021,20.0,2022,"{""2021"":10,""2022"":20}",,LFP,prismatic,EV,,https://autonews.gasgoo.com/china_news/70016563.html,2026-07-18,0.7,true,
chilwee-chaowei-group-chilwee-changxing-lithium-cell-plant-china,Chilwee Changxing Lithium Cell Plant,Chilwee (Chaowei Group),"Chaowei Power Group Co., Ltd.",China,China,,,operational,,2016,,,,,mixed (historically NMC 18650; LFP for energy storage; sodium-ion introduced 2023),mixed,mixed,,https://chaoweigroup.goldsupplier.com/about.html,2026-07-19,0.55,true,
chuneng-new-energy-chuneng-new-energy-xiaogan-base-xiaogan-lithium-battery-industrial-park-china,Chuneng New Energy Xiaogan Base (Xiaogan Lithium Battery Industrial Park),Chuneng New Energy,"Chuneng New Energy Co., Ltd.",China,China,,,operational,2022,2023,150.0,2026,"{""2023"":30}","[{""year"": 2022, ""cumulative_gwh"": 150, ""added_gwh"": null, ""basis"": ""planned"", ""event"": ""Xiaogan Lithium Battery Industrial Park broke ground (May 2022) in Linkong Economic Zone, Xiaogan, Hubei. Planned full build-out 150 GWh/yr across 5 phases; total investment CNY 67.5bn. Figure is the announced park target, not online capacity."", ""source_url"": ""https://www.cn-np.com/Index/news_detail/id/883.html"", ""source_date"": ""2022-05-22""}, {""year"": 2023, ""cumulative_gwh"": 30, ""added_gwh"": 30, ""basis"": ""operational"", ""event"": ""Phase 1 officially put into production on 28 June 2023, with a designed annual capacity of over 30 GWh of lithium-ion cells for power and energy-storage batteries."", ""source_url"": ""https://m.bjx.com.cn/mnews/20230628/1315737.shtml"", ""source_date"": ""2023-06-28""}]",LFP,prismatic,mixed,,http://www.cnhubei.com/content/2023-06/28/content_16086593.html,2026-07-19,0.8,true,true
dfd-new-energy-guangxi-ningfu-new-energy-technology-co-ltd-dfd-nanning-plant-guangxi-ningfu-new-energy-20gwh-lithium-battery-project-china,"DFD Nanning Plant (Guangxi Ningfu New Energy, 20GWh lithium battery project)","DFD New Energy (Guangxi Ningfu New Energy Technology Co., Ltd.)","Do-Fluoride New Materials Co., Ltd. (多氟多, SZSE: 002407)",China,China,,,operational,2021,2022,20.0,2023,"{""2022"":6}",,"mixed (lithium-ion incl. LFP; sodium-ion; large-cylindrical ""氟芯"" cells)",mixed,mixed,"Do-Fluoride/DFD (70.29%), Nanning Kechuangtou, Shengning Investment, Ningxin Juli; separate fast-charge cell JV with Greater Bay Technology",https://m.bjx.com.cn/mnews/20230928/1334910.shtml,2023-09-28,0.8,true,
dalian-cbak-power-battery-co-ltd-dalian-cbak-power-battery-plant-huayuankou-base-china,Dalian CBAK Power Battery Plant (Huayuankou base),"Dalian CBAK Power Battery Co., Ltd.","CBAK Energy Technology, Inc. (Nasdaq: CBAT)",China,China,,,operational,,2021,16.0,2025,"{""2025"":3.3}",,"mixed (LFP, NMC, sodium-ion)",cylindrical,mixed,,https://ir.cbak.com.cn/News_Detail/204.html,2026-07-19,0.75,true,
do-fluoride-new-energy-technology-co-ltd-dfd-dfd-jiaozuo-plant-do-fluoride-new-energy-henan-base-china,"DFD Jiaozuo Plant (Do-Fluoride New Energy, Henan base)","Do-Fluoride New Energy Technology Co., Ltd. (DFD)","Do-Fluoride New Materials Co., Ltd. (Do-Fluoride Chemicals)",China,China,,,operational,,,10.0,2026,,,LFP,cylindrical,mixed,,https://www.bestmag.co.uk/china-chemicals-player-seeks-cny17bn-ev-battery-projects/,2026-07-18,0.6,true,
eve-energy-eve-energy-chengdu-power-and-energy-storage-battery-base-china,EVE Energy Chengdu power and energy storage battery base,EVE Energy,"EVE Energy Co., Ltd. (Huizhou EVE Energy)",China,China,,,under_construction,2022,2022,50.0,2025,"{""phase1"":20,""phase2"":30}","[{""year"": 2022, ""cumulative_gwh"": 50, ""added_gwh"": null, ""basis"": ""announced_target"", ""event"": ""Framework agreement with Chengdu Economic Development Zone to build a 50 GWh/yr power & energy storage battery base plus the Chengdu research institute, in two phases (Phase 1: 20 GWh, Phase 2: 30 GWh), total investment CNY 20bn on a ~1,000 mu (66.7 ha) site. Announced target only, nothing built yet."", ""source_url"": ""https://www.electrive.com/2022/04/28/eve-energy-to-build-50-gwh-battery-plant-in-chengdu/"", ""source_date"": ""2022-04-28""}, {""year"": 2023, ""cumulative_gwh"": 30, ""added_gwh"": null, ""basis"": ""planned"", ""event"": ""Groundbreaking held 30 March 2023 in Longquanyi district, Chengdu (CNY 10bn agreed investment). The initial phase was scaled up from 20 GWh to 30 GWh: ~9 GWh of high-capacity/high-rate 21700 storage cells + ~21 GWh of 46-series large-cylindrical power cells. This is construction start, NOT operational capacity."", ""source_url"": ""https://m.bjx.com.cn/mnews/20230331/1298439.shtml"", ""source_date"": ""2023-03-31""}]",LFP,,EV power and stationary energy storage,None (wholly owned by EVE Energy; project agreement with Chengdu Economic and Technological Development Zone),https://www.electrive.com/2022/04/28/eve-energy-to-build-50-gwh-battery-plant-in-chengdu/,2022-04-28,0.75,true,true
eve-energy-eve-energy-huizhou-plant-zhongkai-high-tech-zone-production-base-china,EVE Energy Huizhou plant (Zhongkai High-tech Zone production base),EVE Energy,"EVE Energy Co., Ltd.",China,China,,,operational,2021,,,,,,LFP (prismatic); also cylindrical lithium-ion and emerging sodium-ion,prismatic; cylindrical,energy storage; EV/power batteries; consumer,,https://www.ess-news.com/2026/04/23/eve-energy-outlines-230-gwh-manufacturing-capacity-expansion-within-weeks/,2026-04-23,0.55,true,
eve-energy-eve-energy-jingmen-production-base-china,EVE Energy Jingmen production base,EVE Energy,"EVE Energy Co., Ltd.",China,China,,,operational,,,152.61,2023,"{""2023"":152.61}","[{""year"": 2012, ""cumulative_gwh"": 3, ""added_gwh"": null, ""basis"": ""operational"", ""event"": ""Base established; first battery line (~3 GWh). Retrospective figure stated in 29 Jul 2025 provincial feature ('capacity surged from 3 GWh to 169 GWh over 13 years')."", ""source_url"": ""https://finance.sina.com.cn/jjxw/2025-07-29/doc-infiazqh7983667.shtml"", ""source_date"": ""2025-07-29""}, {""year"": 2021, ""cumulative_gwh"": 11, ""added_gwh"": null, ""basis"": ""operational"", ""event"": ""~11 GWh operational at Jingmen per June 2021 phased-expansion disclosure (a further 11 GWh under construction, 82.5 GWh planned; total plan 105.5 GWh)."", ""source_url"": ""https://en.wikipedia.org/wiki/EVE_Energy"", ""source_date"": ""2026-07-19""}, {""year"": 2021, ""cumulative_gwh"": 28.5, ""added_gwh"": null, ""basis"": ""operational"", ""event"": ""28.5 GWh operational per Nov 2021 revised plan; 124.11 GWh planned/under-construction on top, giving a 152.61 GWh total-capacity target (CNY30.5bn total investment)."", ""source_url"": ""https://en.wikipedia.org/wiki/EVE_Energy"", ""source_date"": ""2026-07-19""}, {""year"": 2023, ""cumulative_gwh"": null, ""added_gwh"": 73, ""basis"": ""commissioned"", ""event"": ""Zones 6-9 (73 GWh, CNY16.6bn) put into production at ceremony on 1 Feb 2023; the 60 GWh superfactory broke ground the same day."", ""source_url"": ""https://www.evebattery.com/news-670"", ""source_date"": ""2023-02-01""}, {""year"": 2024, ""cumulative_gwh"": null, ""added_gwh"": null, ""basis"": ""announced_target"", ""event"": ""5 Nov 2024: announced a 152.61 GWh/yr Jingmen power & storage battery industrial-park project, fixed-asset investment CNY30.521bn."", ""source_url"": ""https://news.smm.cn/news/101560716"", ""source_date"": ""2024-11-05""}, {""year"": 2024, ""cumulative_gwh"": null, ""added_gwh"": 17, ""basis"": ""commissioned"", ""event"": ""10 Dec 2024: 60 GWh superfactory (zone 10, MB56 / 628Ah LFP ESS cells) Phase I into production; Phase-I line design capacity 17 GWh (stated '>15 GWh'). Officials cited a 212 GWh Jingmen-base target at full build-out."", ""source_url"": ""https://jxt.hubei.gov.cn/bmdt/cyfz/202412/t20241211_5444538.shtml"", ""source_date"": ""2024-12-11""}, {""year"": 2025, ""cumulative_gwh"": 169, ""added_gwh"": null, ""basis"": ""operational"", ""event"": ""Jingmen base cumulative capacity stated at 169 GWh across 18 factory buildings (13 years, annual output value >CNY40bn)."", ""source_url"": ""https://finance.sina.com.cn/jjxw/2025-07-29/doc-infiazqh7983667.shtml"", ""source_date"": ""2025-07-29""}, {""year"": 2025, ""cumulative_gwh"": 212, ""added_gwh"": null, ""basis"": ""announced_target"", ""event"": ""Jingmen base target 212 GWh once the 60 GWh superfactory is fully commissioned."", ""source_url"": ""https://finance.sina.com.cn/jjxw/2025-07-29/doc-infiazqh7983667.shtml"", ""source_date"": ""2025-07-29""}]",LFP (cylindrical LFP and large-format 628Ah/MB56 LFP energy-storage cells) plus prismatic NMC power cells,"cylindrical, prismatic, large-format prismatic (628Ah MB56)",EV power batteries and grid/BESS energy storage,,https://en.wikipedia.org/wiki/EVE_Energy,2026-07-18,0.75,true,true
eve-energy-eve-energy-ningbo-plant-china,EVE Energy Ningbo plant,EVE Energy,"EVE Energy Co., Ltd.",China,China,,,operational,,,,,,,,,,,https://www.databm.com/hot/2401/,2026-07-18,0.3,true,
eve-energy-eve-energy-qidong-plant-eve-linyang-china,EVE Energy Qidong plant (EVE-Linyang),EVE Energy,"EVE Energy Co., Ltd.",China,China,,,operational,2021,2022,10.0,2022,"{""2022"":10}",,LFP,prismatic,ESS,Linyang Energy,https://news.91jinshu.com/lidian/202211/51857.html,2022-11-21,0.8,true,
eve-energy-eve-energy-qujing-plant-23gwh-cylindrical-lfp-energy-storage-power-battery-project-china,EVE Energy Qujing plant (23GWh cylindrical LFP energy storage & power battery project),EVE Energy,"EVE Energy Co., Ltd.",China,China,,,operational,2022,2024,23.0,2026,,,LFP,cylindrical,mixed,,https://m.zhitongcaijing.com/contentnew/appcontentdetail.html?content_id=864190,2026-07-18,0.8,true,
eve-energy-eve-energy-shenyang-base-china,EVE Energy Shenyang Base,EVE Energy,"EVE Energy Co., Ltd.",China,China,,,operational,2022,2025,40.0,2025,"{""2025"":10}",,mixed (NMC 46-series large cylindrical for EV; LFP for storage),cylindrical,mixed,,https://www.energytrend.com/news/20250702-49817.html,2025-07-02,0.8,true,
eve-energy-eve-energy-wuhan-plant-wuhan-r-d-branch-energy-storage-institute-china,EVE Energy Wuhan plant (Wuhan R&D Branch / Energy Storage Institute),EVE Energy,"EVE Energy (EVE Lithium Energy Co., Ltd. / 亿纬锂能)",China,China,,,operational,2025,2026,,,,,,,R&D (energy storage and power battery research; not commercial cell production),,https://www.energytrend.com/news/20260202-50883.html,2026-02-02,0.7,false,
eve-energy-yuxi-eve-energy-co-ltd-eve-energy-yuxi-plant-yuxi-power-energy-storage-battery-project-china,EVE Energy Yuxi plant (Yuxi power & energy storage battery project),"EVE Energy (Yuxi EVE Energy Co., Ltd.)","EVE Energy Co., Ltd. (Huizhou EVE Energy)",China,China,,,announced,2022,,10.0,2026,,,lithium-ion (power/ESS lines likely LFP; unconfirmed),,mixed,,https://www.itdcw.com/news/focus/04161550N2026.html,2026-04-16,0.6,true,
easton-east-group-easton-sodium-ion-cell-plant-dongguan-songshan-lake-china,Easton Sodium-ion Cell Plant Dongguan (Songshan Lake),Easton (EAST Group),"EAST Group Co., Ltd. (易事特集团 / Easton)",China,China,,,operational,2021,2024,5.0,2026,,,sodium-ion,prismatic,mixed,,https://news.smm.cn/news/102374893,2026-07-19,0.55,true,
envision-aesc-envision-aesc-cangzhou-plant-cangzhou-zero-carbon-intelligent-industrial-park-china,Envision AESC Cangzhou Plant (Cangzhou Zero-Carbon Intelligent Industrial Park),Envision AESC,Envision Group,China,China,,,operational,2022,2024,30.0,2026,"{""2024"":10,""2026"":30}",,mixed (LFP and NMC),mixed,mixed,,https://www.energytrend.com/news/20241113-48769.html,2024-11-13,0.72,true,
envision-aesc-envision-aesc-ordos-plant-ordos-envision-net-zero-industrial-park-china,Envision AESC Ordos Plant (Ordos-Envision Net Zero Industrial Park),Envision AESC,Envision Group,China,China,,,operational,2021,2022,30.5,2023,"{""2022"":10.5}",,LFP,prismatic,mixed,,https://www.energytrend.com/news/20230427-31825.html,2026-07-18,0.75,true,
envision-aesc-envision-aesc-shiyan-plant-zero-carbon-smart-battery-industrial-park-china,Envision AESC Shiyan Plant (Zero-Carbon Smart Battery Industrial Park),Envision AESC,Envision Group,China,China,,,operational,2022,2023,40.0,2024,"{""2023"":20,""2024"":20}",,LFP,prismatic,mixed,,https://m.bjx.com.cn/mnews/20231008/1335306.shtml,2023-10-08,0.78,true,
envision-aesc-envision-aesc-wuxi-plant-jiangyin-battery-manufacturing-base-china,Envision AESC Wuxi Plant (Jiangyin battery manufacturing base),Envision AESC,Envision Group,China,China,,,operational,2019,2021,20.0,2023,"{""2021"":5,""2023"":20}",,NMC (NCM 811),pouch,EV,,http://en.wuxi.gov.cn/2022-02/08/c_706067.htm,2022-02-08,0.72,true,
envision-aesc-envision-aesc-yichang-storage-super-factory-china,Envision AESC Yichang storage super factory,Envision AESC,Envision Group,China,China,,,operational,2025,2026,100.0,2027,"{""2026"":40,""2027"":100}","[{""year"": 2025, ""cumulative_gwh"": 0, ""added_gwh"": null, ""basis"": ""planned"", ""event"": ""Phase 1 groundbreaking (project signed 9 Oct 2025, construction commenced 27 Oct 2025): 40 GWh energy-storage cell capacity, production targeted for 2026. Nothing online yet."", ""source_url"": ""https://finance.eastmoney.com/a/202510273545267753.html"", ""source_date"": ""2025-10-27""}, {""year"": 2026, ""cumulative_gwh"": null, ""added_gwh"": 60, ""basis"": ""announced_target"", ""event"": ""Phase 2 groundbreaking (23 Apr 2026): +60 GWh cell capacity plus 60 GWh AI energy-storage system capacity. With Phase 1 this brings the base to a planned 100 GWh cell + 60 GWh system, billed as the world's first 100 GWh-level ESS full-chain base; full operation targeted for 2027."", ""source_url"": ""https://www.energytrend.com/news/20260427-51300.html"", ""source_date"": ""2026-04-27""}, {""year"": 2026, ""cumulative_gwh"": 40, ""added_gwh"": 40, ""basis"": ""operational"", ""event"": ""Phase 1 officially put into operation (commissioning ceremony 15 Jul 2026): 40 GWh cell capacity online; mass production of the 790 Ah prismatic wound LFP energy-storage cell begins, first batch shipped to overseas (German) ESS customers."", ""source_url"": ""https://www.energytrend.com/news/20260717-51766.html"", ""source_date"": ""2026-07-17""}, {""year"": 2027, ""cumulative_gwh"": 100, ""added_gwh"": 60, ""basis"": ""announced_target"", ""event"": ""Announced full build-out target: 100 GWh cell capacity (Phase 1 40 GWh + Phase 2 60 GWh) plus 60 GWh energy-storage system capacity, expected fully operational in 2027. Not yet online."", ""source_url"": ""https://www.energytrend.com/news/20260427-51300.html"", ""source_date"": ""2026-04-27""}]",LFP,prismatic,ESS,,https://www.energytrend.com/news/20260717-51766.html,2026-07-17,0.8,true,true
faw-findreams-new-energy-technology-co-ltd-faw-findreams-changchun-plant-changchun-power-battery-base-china,FAW-FinDreams Changchun plant (一汽弗迪 Changchun power battery base),"FAW-FinDreams New Energy Technology Co., Ltd.",BYD (FinDreams Battery) / FAW Group joint venture,China,China,,,operational,2022,2023,45.0,2024,"{""2024"":15}","[{""year"": 2022, ""cumulative_gwh"": null, ""added_gwh"": null, ""basis"": ""planned"", ""event"": ""July 2021 investment/cooperation agreement signed between Changchun city, China FAW and BYD; JV FAW-FinDreams established 15 Jan 2022; construction groundbreaking 26 Feb 2022. Single Changchun power-battery base planned at 45 GWh total across three 15 GWh phases; phase 1 (15 GWh) under construction. Blade battery (LFP). Nothing yet online."", ""source_url"": ""https://www.electrive.com/2022/01/18/byd-faw-plan-new-battery-plant-in-china/"", ""source_date"": ""2022-01-18""}, {""year"": 2023, ""cumulative_gwh"": null, ""added_gwh"": null, ""basis"": ""commissioned"", ""event"": ""First blade battery pack rolled off the phase-1 line on 21 July 2023 - trial/first output during commissioning, not yet full-rate nameplate. Phase 1 nameplate is 15 GWh."", ""source_url"": ""https://www.electrive.com/2023/07/24/byd-faw-complete-first-batteries-at-changchun-factory/"", ""source_date"": ""2023-07-24""}, {""year"": 2024, ""cumulative_gwh"": 15, ""added_gwh"": 15, ""basis"": ""operational"", ""event"": ""Phase 1 (15 GWh) officially entered production on 2 Feb 2024; serial/mass production and customer supply from around April 2024 (initial output for FAW Hongqi EV models). This is the only phase actually online."", ""source_url"": ""https://cnevpost.com/2024/02/02/byd-faw-battery-project-goes-into-production/"", ""source_date"": ""2024-02-02""}, {""year"": 2026, ""cumulative_gwh"": 45, ""added_gwh"": null, ""basis"": ""announced_target"", ""event"": ""Full site nameplate target is 45 GWh (3 x 15 GWh phases). As of May 2026 only phase 1 (15 GWh) is operational; phase 2 (planned for 2nd-generation blade battery) was originally targeted around end-2026 but had no firm construction timeline; phase 3 unscheduled. The 45 GWh figure is a plan, NOT online capacity."", ""source_url"": ""https://caifuhao.eastmoney.com/news/20260509164923372581040"", ""source_date"": ""2026-05-09""}]",LFP,prismatic,EV,"BYD (FinDreams Battery), FAW Group",https://www.jl.gov.cn/yaowen/202402/t20240203_3037916.html,2024-02-03,0.85,true,true
farasis-energy-farasis-energy-ganzhou-plant-30-gwh-new-energy-battery-project-china,Farasis Energy Ganzhou plant (30 GWh new energy battery project),Farasis Energy,"Farasis Energy (Gan Zhou) Co., Ltd. (孚能科技, SSE: 688567)",China,China,,,operational,2022,2024,30.0,2025,"{""2024"":18,""2025"":18}",,NMC (ternary/NCM); Farasis also produces sodium-ion cells,pouch,EV,,https://www.electrive.com/2022/08/03/farasis-energy-to-build-30-gwh-battery-plant-in-ganzhou/,2022-08-03,0.8,true,
farasis-energy-farasis-energy-guangzhou-super-factory-30-gwh-power-battery-base-china,Farasis Energy Guangzhou Super Factory (30 GWh power battery base),Farasis Energy,"Farasis Energy (Ganzhou) Co., Ltd.",China,China,,,operational,2023,2024,30.0,2025,,,LFP,pouch,EV,,https://kjj.gz.gov.cn/xwlb/yw/content/post_9737811.html,2024-06-30,0.9,true,
farasis-energy-farasis-energy-zhenjiang-plant-china,Farasis Energy Zhenjiang plant,Farasis Energy,"Farasis Energy (Ganzhou) Co., Ltd.",China,China,,,operational,2018,2019,24.0,2025,"{""2019"":16,""2025"":24}",,NMC (ternary); site also compatible with semi-solid-state and sodium-ion,pouch,EV,,https://finance.sina.com.cn/tech/roll/2025-07-22/doc-infhiqhu4076444.shtml,2025-07-22,0.72,true,
farasis-energy-farasis-wuhu-plant-china,Farasis Wuhu plant,Farasis Energy,"Farasis Energy (Ganzhou) Co., Ltd.",China,China,,,announced,2021,,24.0,2021,,,mixed (NMC ternary + LFP),mixed (pouch and prismatic),mixed,,https://cnevpost.com/2021/09/01/farasis-energy-to-build-new-24-gwh-ev-battery-project-in-anhui/,2021-09-01,0.45,true,
findreams-battery-byd-findreams-shaoxing-shengzhou-battery-base-china,BYD FinDreams Shaoxing (Shengzhou) battery base,FinDreams Battery,BYD,China,China,,,operational,2021,2022,45.0,2027,"{""2022"":15,""2025"":30,""2027"":45}","[{""year"": 2022, ""cumulative_gwh"": 15, ""added_gwh"": 15, ""basis"": ""operational"", ""event"": ""Phase 1 first production lines opened June 2022 — 15 GWh/yr of DM-i blade (LFP) power cells; Phase 1 investment RMB 7bn. This is the first capacity online at the Shengzhou site."", ""source_url"": ""https://cnevpost.com/2022/06/15/byd-sees-first-production-lines-open-at-its-battery-facility-in-shaoxing-east-china/"", ""source_date"": ""2022-06-15""}, {""year"": 2025, ""cumulative_gwh"": null, ""added_gwh"": 15, ""basis"": ""announced_target"", ""event"": ""Phase 2 project public notice (July 2025): ~RMB 6bn, 15 GWh/yr power batteries, targeted to complete line commissioning ('通线投产') in 2025. Future capacity at notice date, not yet online."", ""source_url"": ""https://finance.sina.com.cn/roll/2025-07-20/doc-infharny9336472.shtml"", ""source_date"": ""2025-07-20""}, {""year"": 2025, ""cumulative_gwh"": 45, ""added_gwh"": 30, ""basis"": ""commissioned"", ""event"": ""Joint line-commissioning ('联合通线') ceremony for Phase 2 (15 GWh/yr power cells) and Phase 3 (15 GWh/yr energy-storage cells) held 30 Dec 2025, bringing the site's nameplate to 45 GWh/yr across three phases (still ramping to full output at report time). Total project investment >RMB 24bn (P1 7 + P2 6 + P3 5, some sources ~13.5bn earlier)."", ""source_url"": ""https://libattery.ofweek.com/2026-01/ART-36008-8120-30678643.html"", ""source_date"": ""2026-07-19""}]",LFP,prismatic,mixed,,https://www.electrive.com/2022/06/16/byd-subsidiary-findreams-opens-battery-factory-in-china/,2026-07-18,0.8,true,true
findreams-battery-fuzhou-findreams-battery-plant-jiangxi-china,Fuzhou FinDreams Battery Plant (Jiangxi),FinDreams Battery,BYD,China,China,,,under_construction,2021,,15.0,2023,,,LFP,prismatic,EV,,https://m.bjx.com.cn/mnews/20231009/1335837.shtml,2023-10-09,0.55,true,
findreams-battery-byd-byd-findreams-jinan-battery-plant-jinan-high-tech-zone-china,BYD FinDreams Jinan Battery Plant (Jinan High-tech Zone),FinDreams Battery (BYD),BYD Company,China,China,,,operational,2021,2022,30.0,2023,"{""2022"":15,""2023"":30}",,LFP,prismatic,EV,,https://libattery.ofweek.com/2022-07/ART-36001-8120-30568847.html,2026-07-18,0.85,true,
findreams-battery-byd-byd-findreams-shenzhen-plant-kengzi-pingshan-base-china,BYD FinDreams Shenzhen plant (Kengzi/Pingshan base),FinDreams Battery (BYD),BYD Company Ltd,China,China,,,operational,2026,,50.0,2026,,"[{""year"": 2014, ""cumulative_gwh"": 8, ""added_gwh"": 8, ""basis"": ""commissioned"", ""event"": ""BYD's Kengzi (Pingshan District, Shenzhen) fully automated cell production line completed at 8 GWh/yr - the site's founding cell line."", ""source_url"": ""https://baike.baidu.com/en/item/FinDreams%20Battery/940657"", ""source_date"": ""2026-07-19""}, {""year"": 2026, ""cumulative_gwh"": 50, ""added_gwh"": 50, ""basis"": ""announced_target"", ""event"": ""Announced Shenzhen Kengzi expansion of 50 GWh/yr (2nd-gen 'flash-charge' blade cells), dedicated to high-end (Yangwang/Fang Cheng Bao) and overseas models; part of FinDreams' >100 GWh company-wide 2026 target. Planned, not yet online as of the source date."", ""source_url"": ""https://k.sina.com.cn/article_7880068204_1d5b04c6c06801adty.html"", ""source_date"": ""2026-05-15""}]",LFP,Blade (prismatic long-cell LFP),EV (power batteries); high-end models Yangwang/Denza for the new second-gen line; historically also energy storage,,https://k.sina.cn/article_7857141524_1d452771401902nlku.html,2026-05-15,0.55,true,true
findreams-battery-byd-byd-findreams-xi-an-plant-china,BYD FinDreams Xi'an plant,FinDreams Battery (BYD),BYD Company Ltd,China,China,,,operational,,2022,50.0,2023,,"[{""year"": 2018, ""cumulative_gwh"": 30, ""basis"": ""announced_target"", ""source_url"": ""https://m.bjx.com.cn/mnews/20180910/926784.shtml"", ""source_date"": ""2018-09-10""}]",LFP (Blade Battery),Blade prismatic (LFP),EV (BYD Dynasty/Ocean/Denza vehicles),,https://baike.baidu.com/en/item/FinDreams%20Battery/940657,2026-07-18,0.55,true,false
findreams-battery-co-ltd-byd-findreams-chongqing-bishan-blade-battery-plant-china,BYD FinDreams Chongqing (Bishan) Blade Battery Plant,"FinDreams Battery Co., Ltd.",BYD,China,China,,,operational,2019,2020,20.0,2020,,,LFP,prismatic (Blade / long-cell),EV / automotive,,https://www.businesswire.com/news/home/20200608005451/en/A-Glimpse-into-BYD%E2%80%99s-Blade-Battery-Factory-in-Chongqing,2020-06-08,0.9,true,
ganfeng-lienergy-ganfeng-lienergy-dongguan-base-10gwh-new-type-lithium-battery-ess-hq-base-china,Ganfeng LiEnergy Dongguan Base (赣锋锂电东莞科技 10GWh new-type lithium battery & ESS HQ base),Ganfeng LiEnergy,Ganfeng Lithium,China,China,,,operational,2023,2026,10.0,2026,,,"LFP, semi-solid",prismatic,ESS,,https://news.metal.com/newscontent/103779301-Ganfeng-LiEnergy-Dongguan-Energy-Storage-Base-Officially-Commences-Operations,2026-02-26,0.55,false,
ganfeng-lienergy-ganfeng-lienergy-xinyu-plant-jiangxi-new-type-lithium-battery-technology-industrial-park-china,Ganfeng LiEnergy Xinyu Plant (Jiangxi New-type Lithium Battery Technology Industrial Park),Ganfeng LiEnergy,Jiangxi Ganfeng Lithium Group,China,China,,,operational,,2022,10.0,2022,,,"mixed (LFP ~7 GWh, semi-solid-state/solid-state ~2 GWh)",mixed,mixed,,https://www.electrive.com/2022/01/24/ganfeng-lienergy-opens-10-gwh-battery-plant-in-jiangxi/,2022-01-24,0.75,true,
ganfeng-lienergy-ganfeng-new-lithium-battery-technology-industrial-park-chongqing-china,Ganfeng New Lithium Battery Technology Industrial Park (Chongqing),Ganfeng LiEnergy,Ganfeng Lithium Group,China,China,,,operational,2022,2024,10.0,2024,,,solid-state (semi-solid-state lithium),,EV,,https://www.energytrend.com/news/20220815-29602.html,2026-07-18,0.62,true,
gotion-chuzhou-gotion-new-energy-power-co-ltd-gotion-new-energy-chuzhou-high-end-manufacturing-base-china,Gotion New Energy (Chuzhou) high-end manufacturing base,"Gotion (Chuzhou Gotion New Energy Power Co., Ltd.)",Gotion High-tech,China,China,,,under_construction,2023,,,,,,LMFP (lithium manganese iron phosphate) / LFP,,EV,,https://www.parkworld.net/post/8dacbd96c80845e,2024-11-18,0.5,true,
gotion-high-tech-gotion-gnascent-sodium-ion-plant-hefei-china,Gotion Gnascent Sodium-Ion Plant Hefei,Gotion High-tech,Gotion High-tech,China,China,,,operational,2026,2026,,,,,sodium-ion,prismatic,mixed,,https://www.battery-energy-storage-system.com/news/gotion-gnascent-sodium-ion-batteries.html,2026-05-17,0.6,true,
gotion-high-tech-gotion-lujiang-plant-lujiang-high-tech-zone-base-china,Gotion Lujiang plant (Lujiang High-tech Zone base),Gotion High-tech,"Gotion High-tech Co., Ltd. (largest shareholder: Volkswagen Group)",China,China,,,operational,,,10.0,2025,,,LFP (primary); also ternary/NMC. New small-power battery cell line added 2025.,,"EV power batteries, energy storage, and (from 2025) small-power batteries (e-bikes/tools/light mobility)",,https://finance.sina.com.cn/roll/2025-08-13/doc-infkvkvi0959755.shtml,2025-08-13,0.55,true,
gotion-high-tech-gotion-nanjing-plant-china,Gotion Nanjing plant,Gotion High-tech,"Gotion High-tech Co., Ltd. (largest shareholder: Volkswagen Group)",China,China,,,operational,2015,2022,50.0,2027,"{""2015"":2,""2022"":30,""2027"":50}","[{""year"": 2015, ""cumulative_gwh"": 2, ""added_gwh"": 2, ""basis"": ""operational"", ""event"": ""Nanjing Gotion established in Liuhe Economic Development Zone; first power-battery line, ~2 GWh/yr (RMB1.5bn); signed, built and operational within the year. Source also cites 'initial single workshop, 1 GWh' — conservative ~1-2 GWh."", ""source_url"": ""https://invest.nanjing.gov.cn/gzdt/202510/t20251023_5675098.html"", ""source_date"": ""2025-10-23""}, {""year"": 2021, ""cumulative_gwh"": null, ""added_gwh"": null, ""basis"": ""announced_target"", ""event"": ""June 2021: after Volkswagen took a stake, Gotion launched its first direct-investment project in Nanjing — the 'New Energy Intelligent Manufacturing Base', total investment RMB10bn, planned 20 GWh/yr. Construction started Oct 2021."", ""source_url"": ""https://invest.nanjing.gov.cn/gzdt/202510/t20251023_5675098.html"", ""source_date"": ""2025-10-23""}, {""year"": 2022, ""cumulative_gwh"": 30, ""added_gwh"": 7, ""basis"": ""operational"", ""event"": ""End-May 2022: first 7 GWh/yr line of the New Energy Intelligent Manufacturing Base (Liuhe District) inaugurated, lifting total Nanjing Gotion capacity to 30 GWh nameplate. Base reached full production by Dec 2022 at ~28 GWh actual."", ""source_url"": ""https://www.energytrend.com/news/20220613-28871.html"", ""source_date"": ""2022-06-13""}, {""year"": 2024, ""cumulative_gwh"": 50, ""added_gwh"": null, ""basis"": ""operational"", ""event"": ""Global Supply Base in Longpao New City (construction started Dec 2023) formally operational Sept 2024; cumulative Liuhe/Nanjing investment reported >RMB10bn with total capacity approaching ~50 GWh/yr, making Nanjing Gotion's largest global base."", ""source_url"": ""https://invest.nanjing.gov.cn/gzdt/202510/t20251023_5675098.html"", ""source_date"": ""2025-10-23""}, {""year"": 2025, ""cumulative_gwh"": 50, ""added_gwh"": null, ""basis"": ""operational"", ""event"": ""As of Oct 2025 (Nanjing Gotion's 10th anniversary), cumulative Liuhe investment >RMB10bn and total capacity 'near 50 GWh', Gotion's largest production base worldwide."", ""source_url"": ""https://finance.sina.com.cn/roll/2025-10-23/doc-infuwsqi6887251.shtml"", ""source_date"": ""2025-10-23""}, {""year"": 2025, ""cumulative_gwh"": null, ""added_gwh"": 20, ""basis"": ""planned"", ""event"": ""New 20 GWh/yr new-type lithium-ion intelligent-manufacturing base in Liuhe Economic Development Zone: board-approved Aug 2025, total investment up to RMB4bn, groundbreaking Oct 2025, build period up to 24 months. Not yet in production."", ""source_url"": ""https://libattery.ofweek.com/2025-10/ART-36001-8120-30672443.html"", ""source_date"": ""2025-10-23""}, {""year"": 2027, ""cumulative_gwh"": 70, ""added_gwh"": null, ""basis"": ""announced_target"", ""event"": ""With the new 20 GWh base, the Nanjing hub is targeted to reach ~50 GWh and, on full completion around 2027, to exceed 70 GWh/yr total capacity."", ""source_url"": ""https://finance.sina.com.cn/roll/2025-10-23/doc-infuwsqi6887251.shtml"", ""source_date"": ""2025-10-23""}]",LFP and NMC (ternary lithium),,"EV / power batteries (passenger, commercial and special-purpose vehicles)",,https://invest.nanjing.gov.cn/gzdt/202510/t20251023_5675098.html,2025-10-23,0.6,true,false
gotion-high-tech-gotion-sodium-plant-tangshan-china,Gotion Sodium Plant Tangshan,Gotion High-tech,Gotion High-tech (Volkswagen is largest shareholder),China,China,,,operational,,,,,,,sodium-ion,,mixed,,https://www.battery-energy-storage-system.com/news/gotion-gnascent-sodium-ion-batteries.html,2026-07-19,0.5,true,
gotion-high-tech-qingdao-gotion-battery-plant-laixi-china,Qingdao Gotion Battery plant (Laixi),Gotion High-tech,Gotion High-tech (Hefei Gotion; Volkswagen largest shareholder),China,China,,,operational,2016,2016,3.0,2024,"{""2016"":1,""2018"":3,""2024"":3}",,"LFP (predominant, cylindrical 32135 and VDA prismatic); early NMC/ternary line from 2016",cylindrical (32135) and prismatic (VDA),"EV power batteries (SAIC-GM-Wuling, Changan, Dongfeng, Chery, early BAIC EC180)",None (wholly owned subsidiary of Hefei Gotion),https://auto.qingdaonews.com/content/2024-02/01/content_23536749.htm,2024-02-01,0.65,true,
great-power-great-power-guangde-plant-china,Great Power Guangde plant,Great Power,"Guangzhou Great Power Energy & Technology Co., Ltd.",China,China,,,announced,2024,2025,10.0,2025,,,LFP,,ESS,,https://www.ess-news.com/2024/11/25/great-power-invests-in-10-gwh-battery-storage-manufacturing-facility-in-china/,2024-11-25,0.6,true,
great-power-great-power-guangzhou-panyu-plant-china,Great Power Guangzhou (Panyu) plant,Great Power,"Guangzhou Great Power Energy & Technology Co., Ltd.",China,China,,,operational,,,2.0,2023,,,lithium-ion (consumer / li-polymer),mixed,consumer,,https://www.greatpower.net/en/about/,2026-07-18,0.55,true,
great-power-great-power-ulanqab-energy-storage-and-semi-solid-state-cell-plant-china,Great Power Ulanqab energy storage and semi-solid-state cell plant,Great Power,"Guangzhou Great Power Energy & Technology Co., Ltd",China,China,,,under_construction,2024,,11.0,2025,,,mixed (LFP/sodium-ion energy storage cells; semi-solid-state),,ESS,,https://finance.eastmoney.com/a/202511243572340755.html,2025-11-24,0.7,true,
great-power-guangzhou-great-power-energy-technology-co-ltd-penghui-energy-great-power-zhumadian-plant-zhumadian-production-base-china,Great Power Zhumadian plant (Zhumadian production base),"Great Power (Guangzhou Great Power Energy & Technology Co., Ltd. / Penghui Energy)","Guangzhou Great Power Energy & Technology Co., Ltd. (鹏辉能源 / Penghui Energy, SZSE: 300438)",China,China,,,operational,,,5.0,2023,,,LFP (mixed - also sodium-ion and capacitor-type lithium cells),prismatic,mixed,,https://www.greatpower.net/en/about/,2026-07-18,0.5,true,
great-power-guangzhou-great-power-energy-technology-great-power-liuzhou-smart-energy-storage-and-power-battery-manufacturing-base-china,Great Power Liuzhou Smart Energy Storage and Power Battery Manufacturing Base,Great Power (Guangzhou Great Power Energy & Technology),"Guangzhou Great Power Energy & Technology Co., Ltd. (300438.SZ)",China,China,,,under_construction,2021,2024,20.0,2026,,,LFP,prismatic,mixed,,https://www.ne21.com/news/show-167632.html,2026-07-18,0.55,true,
great-power-qingdao-great-power-qingdao-energy-storage-battery-zero-carbon-manufacturing-base-china,Great Power Qingdao Energy Storage Battery Zero-Carbon Manufacturing Base,Great Power (Qingdao),"Guangzhou Great Power Energy & Technology Co., Ltd.",China,China,,,operational,2023,2024,36.0,2025,"{""2024"":0,""2025"":12}",,LFP,prismatic,ESS,,https://www.qingdaonews.com/app/content/2025-09/10/content_23687565.htm,2025-09-10,0.82,true,
greater-bay-technology-guangzhou-juwan-technology-research-greater-bay-technology-nansha-plant-china,Greater Bay Technology Nansha Plant,Greater Bay Technology (Guangzhou Juwan Technology Research),GAC Group / GAC Industrial Group,China,China,,,operational,2022,2023,8.0,2024,"{""2024"":4}",,lithium-ion (XFC extreme fast-charge); solid-state in development,,EV,,https://www.just-auto.com/news/greater-bay-begins-production-of-first-xfc-battery-for-evs/,2023-11-01,0.8,true,
gree-titan-gree-titanium-new-energy-formerly-yinlong-new-energy-gree-titan-zhuhai-lto-cell-plant-china,Gree Titan Zhuhai LTO Cell Plant,"Gree Titan (Gree Titanium New Energy, formerly Yinlong New Energy)",Gree Electric Appliances (Gree Group),China,China,22.02,113.23,operational,2008,2008,,,,,LTO (lithium titanate anode Li-ion),mixed,mixed,,https://news.metal.com/newscontent/101664635/help-lithium-titanate-battery-development-into-the-fast-lane-yinlong-new-energy-officially-changed-its-name-to-%22gree-titanium%22/,2026-07-19,0.55,true,
guangde-qingna-technology-suining-sodium-ion-battery-plant-china,Suining sodium-ion battery plant,Guangde Qingna Technology,Qingna Technology (青钠科技 / Qingna New Energy Technology),China,China,,,announced,2025,,20.0,2025,,,sodium-ion (layered oxide cathode),cylindrical,ESS,,https://www.pv-magazine.com/2025/11/24/massive-20-gwh-sodium-ion-battery-manufacturing-plant-announced-in-china/,2025-11-24,0.8,true,
guangdong-highstar-haisida-power-highstar-zhuhai-energy-storage-battery-base-fushan-industrial-park-china,Highstar Zhuhai Energy Storage Battery Base (Fushan Industrial Park),Guangdong Highstar (Haisida) Power,"Shanghai Pret Composites (Pulit, 002324.SZ)",China,China,,,operational,2023,2024,6.0,2024,,,"mixed (LFP lithium-ion, sodium-ion, semi-solid-state)",,ESS,,https://m.bjx.com.cn/mnews/20240607/1381681.shtml,2024-06-07,0.8,true,
harbin-coslight-power-co-ltd-coslight-harbin-plant-harbin-coslight-power-lithium-battery-base-china,Coslight Harbin Plant (Harbin Coslight Power lithium battery base),"Harbin Coslight Power Co., Ltd.",Coslight International Group (Cospowers),China,China,,,operational,,,6.0,2026,,,mixed (LFP and NMC),prismatic,mixed,,http://www.cncoslight.com/hady/channels/186.html?id=6,2026-07-18,0.6,true,
hefei-gotion-high-tech-power-energy-co-ltd-gotion-hefei-plant-vw-unified-standard-cell-base-xinzhan-district-china,"Gotion Hefei plant (VW unified/standard cell base, Xinzhan district)","Hefei Gotion High-tech Power Energy Co., Ltd",Gotion High-tech,China,China,,,operational,2021,2023,20.0,2025,"{""2023"":10,""2025"":20}",,LFP (Volkswagen unified/standard cell format; supports multiple chemistries),Volkswagen unified/standard prismatic cell,"EV (automotive) - Volkswagen Group, including export to VW's overseas markets",,https://www.electrive.com/2025/11/21/gotion-high-tech-is-now-mass-producing-vw-standard-cells/,2025-11-21,0.72,true,
hengdian-group-dmegc-magnetics-co-ltd-hengdian-dmegc-dongyang-lithium-cell-plant-china,Hengdian DMEGC Dongyang Lithium Cell Plant,"Hengdian Group DMEGC Magnetics Co., Ltd.",Hengdian Group,China,China,,,operational,,,8.0,2024,,,mixed (NMC/lithium-ion cylindrical for e-bikes and power tools; LFP for ESS),cylindrical,mixed,,http://notice.10jqka.com.cn/api/pdf/2217a8f34937b4c8.pdf,2024-08-24,0.65,true,
hina-battery-hina-fuyang-plant-china,Hina Fuyang Plant,Hina Battery,Hina Battery Technology (HiNa Battery / Zhongke Hai Na),China,China,,,operational,2021,2022,5.0,2022,"{""2022"":1}",,sodium-ion,mixed,mixed,"China Three Gorges (Three Gorges Energy / Three Gorges Capital), Fuyang municipal government",https://cnevpost.com/2022/12/02/hina-gwh-sodium-ion-battery-production-line-first-product/,2026-07-18,0.6,true,
hithium-hithium-chongqing-plant-china,Hithium Chongqing plant,Hithium,"Xiamen Hithium Energy Storage Technology Co., Ltd",China,China,,,,,,,,,,LFP,,Grid-scale / stationary energy storage (ESS),,https://www.hithium.com,2026-07-18,0.2,true,
hithium-hithium-heze-plant-china,Hithium Heze plant,Hithium,"Xiamen Hithium Energy Storage Technology Co., Ltd.",China,China,,,,,,,,,,LFP,,energy storage (ESS),,https://en.hithium.com,2026-07-18,0.2,true,
hithium-hithium-xiamen-plant-xiamen-production-base-china,Hithium Xiamen plant (Xiamen production base),Hithium,"Xiamen Hithium Energy Storage Technology Co., Ltd.",China,China,,,operational,,,56.0,2026,,"[{""year"": 2022, ""cumulative_gwh"": 15, ""added_gwh"": 15, ""basis"": ""operational"", ""event"": ""Phase 1 'M1' smart factory brought into production - 5 lithium-battery lines, 15 GWh/yr (LFP energy-storage cells). First cells rolled off 28 May 2022; handover/production announced 29 May 2022."", ""source_url"": ""https://www.fjdaily.com/app/content/2022-05/29/content_1463073.html"", ""source_date"": ""2022-05-29""}, {""year"": 2023, ""cumulative_gwh"": 45, ""added_gwh"": 30, ""basis"": ""commissioned"", ""event"": ""Phase 2 (二期, Tongxiang High-Tech Zone) - 30 GWh/yr, 8 production lines, ~RMB 4bn, LFP ESS cells - reached production in May 2023, taking the Xiamen base to ~45 GWh/yr. Groundbreaking was June 2022; the phase-2 project details are described in this Xiamen government source."", ""source_url"": ""https://www.investxiamen.org.cn/detail/5814.html"", ""source_date"": ""2022-06-01""}]",LFP,,energy storage (ESS),,https://www.hithium.com,2026-07-18,0.3,true,false
huizhou-desay-battery-co-ltd-desay-huizhou-plant-consumer-soft-pack-cell-project-china,Desay Huizhou Plant (consumer soft-pack cell project),"Huizhou Desay Battery Co., Ltd.","Desay Battery Co., Ltd. (Shenzhen, 000049) / Desay Group",China,China,,,announced,2026,2027,,,,,lithium-ion (consumer soft-pack),pouch,consumer,,https://finance.sina.com.cn/wm/2026-04-23/doc-inhvntey8617099.shtml,2026-04-23,0.72,true,
huizhou-highpower-technology-highpower-international-huizhou-plant-longhu-tonghu-industrial-park-china,Highpower International Huizhou Plant (Longhu/Tonghu Industrial Park),Huizhou Highpower Technology,"Shenzhen Highpower Technology Co., Ltd. (豪鹏科技, SZSE: 001283)",China,China,,,operational,2020,,3.0,2026,,,Li-ion (also NiMH); energy-storage cells likely LFP (unconfirmed),mixed,mixed,,https://www.energytrend.com/news/20260107-50715.html,2026-01-07,0.55,true,
huizhou-liwei-new-energy-technology-co-ltd-sunwoda-sunwoda-huizhou-plant-huizhou-liwei-new-energy-china,Sunwoda Huizhou plant (Huizhou Liwei New Energy),"Huizhou Liwei New Energy Technology Co., Ltd. (Sunwoda)","Sunwoda Electronic Co., Ltd.",China,China,,,operational,2016,,,,,,"Li-ion (consumer polymer, likely LCO)",pouch,consumer,,http://www.liwinon.com/q_about/q_about247.html,2026-07-19,0.55,true,
jiangsu-chuanyi-sodium-ion-technology-co-ltd-jiangsu-transimage-chuanyi-sodium-ion-battery-plant-gaoyou-china,"Jiangsu Transimage (Chuanyi) sodium-ion battery plant, Gaoyou","Jiangsu Chuanyi Sodium-ion Technology Co., Ltd.","Jiangsu Transimage Technology Co., Ltd. (002866.SZ)",China,China,,,operational,2022,2023,10.0,2023,"{""2023"":4.5}",,"sodium-ion (layered oxide cathode, hard carbon anode)",prismatic,mixed,,https://cnevpost.com/2023/07/24/transimage-secures-order-for-sodium-ion-batteries-german-automaker/,2026-07-18,0.72,true,
jiangsu-highstar-battery-manufacturing-co-ltd-highstar-battery-highstar-qidong-plant-china,Highstar Qidong Plant,"Jiangsu Highstar Battery Manufacturing Co., Ltd. (Highstar Battery)","Shanghai Pret Composites Co., Ltd. (Pret, SZSE 002324)",China,China,,,operational,,,7.3,2025,,,"mixed (LFP, sodium-ion, NMC/Li-ion; also half-solid-state at group level)",mixed,mixed,,https://cn.highstar.com/,2026-07-18,0.55,true,
jiangsu-sunpower-co-ltd-changhong-sanjie-jiangsu-sunpower-changhong-sanjie-taixing-cell-plant-china,Jiangsu Sunpower (Changhong Sanjie) Taixing Cell Plant,"Jiangsu Sunpower Co., Ltd. (Changhong Sanjie / 长虹三杰新能源)","Changhong Energy (长虹能源, 836239)",China,China,,,operational,2014,,1.5,2024,"{""2022"":1,""2024"":1.5}",,"mixed (high-rate NMC/ternary, LFP, sodium-ion)",cylindrical,mixed,,https://www.jssanjie.com/en/about/introduce/,2026-07-19,0.7,true,
jiangsu-tafel-new-energy-jiangsu-tafel-new-energy-nanjing-plant-china,Jiangsu Tafel New Energy Nanjing Plant,Jiangsu Tafel New Energy,Jiangsu Tafel New Energy Technology,China,China,,,operational,,2019,7.5,2021,"{""2019"":1.5,""2021"":7.5}",,mixed (NMC ternary + LFP),prismatic,mixed,,https://news.metal.com/newscontent/101119481/jiangsu-tafel-new-energy-phase-ii-and-iii-6gwh-power-battery-project-starts/,2026-07-19,0.5,true,
jiangsu-tianpeng-power-supply-co-tenpower-tianpeng-power-zhangjiagang-cell-plant-china,Tianpeng Power Zhangjiagang Cell Plant,Jiangsu Tianpeng Power Supply Co. (Tenpower),"Jiangsu Azure Corporation (Weilan Lithium Core, formerly Aoyang Shunchang / Aucksun, Shenzhen 002245.SZ)",China,China,,,operational,,2014,,,,,NMC (ternary); some LFP,cylindrical,mixed,,"https://baike.baidu.com/en/item/Jiangsu%20Tianpeng%20Power%20Supply%20Co.,%20Ltd./651088",2026-07-19,0.6,true,
jiangsu-zenergy-zenergy-changshu-plant-china,Zenergy Changshu Plant,Jiangsu Zenergy,"Jiangsu Zenergy Battery Technologies Group Co., Ltd (HKEX: 3677)",China,China,,,operational,,,50.5,2026,"{""2021"":6.4,""2025"":25.5,""2026"":50.5}","[{""year"": 2023, ""cumulative_gwh"": 25, ""added_gwh"": 25, ""basis"": ""commissioned"", ""event"": ""Original Changshu Zenergy base ('software-defined' plant, ~25 GWh design capacity) begins operations 9 May 2023 — company's first cell base."", ""source_url"": ""https://www.chinadaily.com.cn/a/202305/15/WS6461f77aa310b6054fad30d0.html"", ""source_date"": ""2023-05-15""}, {""year"": 2025, ""cumulative_gwh"": 25.5, ""added_gwh"": null, ""basis"": ""operational"", ""event"": ""At its Hong Kong IPO (listed 14 Apr 2025) Zenergy reports total designed production capacity of 25.5 GWh (company-wide), demand already exceeding it; Yinhe/Galaxy B-Zone base under construction, phase 1 due Q4 2025."", ""source_url"": ""https://www.world-energy.org/article/50864.html"", ""source_date"": ""2025-04-15""}, {""year"": 2025, ""cumulative_gwh"": 50.5, ""added_gwh"": 25, ""basis"": ""announced_target"", ""event"": ""Changshu Yinhe/Galaxy (银河) B-Zone 25 GWh automotive lithium battery base (CNY 10bn, ~741 mu) tops out 7 Jun 2025; phase 1 (10 GWh) targeted Q4 2025, phase 2 (15 GWh) by end-2026, lifting company-wide total to 50.5 GWh. Separate physical base from the original Changshu base."", ""source_url"": ""https://finance.sina.com.cn/roll/2025-06-16/doc-infaftuk3319553.shtml"", ""source_date"": ""2025-06-16""}, {""year"": 2026, ""cumulative_gwh"": 35.5, ""added_gwh"": 10, ""basis"": ""operational"", ""event"": ""Company-wide capacity reached 35.5 GWh as of May 2026 (up 39.2% from 25.5 GWh), reflecting Galaxy B-Zone phase 1 (~10 GWh) coming online. Company guides to 70 GWh by end-2026 (conflicts with the 50.5 GWh buildout figure) and ~120 GWh within 2-3 years."", ""source_url"": ""https://news.metal.com/newscontent/103577752"", ""source_date"": ""2026-07-19""}]",mixed (LFP and ternary/NMC),,mixed,,https://www.ess-news.com/2026/03/23/zenergy-bets-big-on-battery-storage-with-50-gwh-long-duration-storage-manufacturing-plant/,2026-03-23,0.68,true,false
jilin-dongchi-new-energy-technology-co-ltd-dongchi-new-energy-jilin-solid-state-plant-china,Dongchi New Energy Jilin Solid-State Plant,"Jilin Dongchi New Energy Technology Co., Ltd.",,China,China,,,operational,,2024,6.0,2026,"{""2024"":0.5}",,solid-state (polymer-based; also semi/quasi-solid-state),,mixed,,https://dcebattery.com/en/guanyuwomen/,2026-07-19,0.65,true,
lanjun-new-energy-lanjun-new-energy-jiashan-base-china,Lanjun New Energy Jiashan Base,Lanjun New Energy,Tsingshan Group (Qingshan Group),China,China,,,operational,2021,2022,77.0,2027,"{""2022"":16,""2024"":32}","[{""year"": 2022, ""cumulative_gwh"": 16, ""added_gwh"": 16, ""basis"": ""operational"", ""event"": ""Phase 1 (~16 GWh) production line commissioned / trial-mass production, June 2022; ~3bn yuan output value that year. (Note: some secondary sources date line commissioning to June 2021 - treated as a conflicting/erroneous date.)"", ""source_url"": ""http://www.jiashan.gov.cn/art/2022/6/6/art_1229250583_59042426.html"", ""source_date"": ""2022-06-06""}, {""year"": 2023, ""cumulative_gwh"": 77, ""added_gwh"": 45, ""basis"": ""announced_target"", ""event"": ""Phase 3 signed 3 Mar 2023: new 45 GWh cell + module lines (16 cell lines), ~11bn yuan investment, taking the Jiashan site's planned full-ramp capacity to 77 GWh."", ""source_url"": ""https://www.itdcw.com/news/focus/03041340C2023.html"", ""source_date"": ""2023-03-04""}, {""year"": 2023, ""cumulative_gwh"": 79, ""added_gwh"": 63, ""basis"": ""announced_target"", ""event"": ""Groundbreaking of the combined Phase 2+3 expansion (stated as a 63 GWh lithium-ion battery + research institute project), total investment >13.5bn yuan, production expected from H2 2024; full-ramp site total quoted as 79 GWh (16 existing + 63 added)."", ""source_url"": ""https://www.jiaxing.gov.cn/art/2023/11/2/art_1592736_59624273.html"", ""source_date"": ""2023-11-02""}, {""year"": 2024, ""cumulative_gwh"": 32, ""added_gwh"": 16, ""basis"": ""commissioned"", ""event"": ""Phase 2 (16 GWh) construction completed ~Jan 2024, bringing commissioned capacity at the Jiashan site to ~32 GWh (Phase 1 + Phase 2); Phase 3 45 GWh still under construction."", ""source_url"": ""http://www.zj.xinhuanet.com/20240530/4a62816264ab44c981220c635800cd08/c.html"", ""source_date"": ""2024-05-30""}]",LFP,,mixed,,https://news.metal.com/newscontent/101568960/the-lanjun-new-energy-power-battery-project-of-qingshan-industry-has-been-put-into-production,2026-07-19,0.7,true,true
li-fun-technology-li-fun-zhuzhou-plant-china,Li-FUN Zhuzhou Plant,Li-FUN Technology,Li-FUN Technology Corporation Limited,China,China,,,operational,,2013,2.5,2024,,,mixed (lithium-ion and sodium-ion),mixed,mixed,,https://www.lifuntech.com/mobile/en-US/about.html,2026-07-18,0.55,true,
lishen-qingdao-new-energy-co-ltd-now-china-auto-new-energy-qingdao-battery-technology-co-ltd-lishen-qingdao-plant-lishen-qingdao-new-energy-renamed-china-auto-new-energy-qingdao-battery-technology-july-2025-china,"Lishen Qingdao plant (Lishen (Qingdao) New Energy; renamed China Auto New Energy (Qingdao) Battery Technology, ""中汽新能"", July 2025)","Lishen (Qingdao) New Energy Co., Ltd. (now China Auto New Energy (Qingdao) Battery Technology Co., Ltd.)",China FAW Group (acquired 2024-2025; previously Tianjin Lishen / China Chengtong),China,China,,,operational,2017,2019,40.0,2024,"{""2019"":4,""2024"":40}",,LFP,,mixed,"China FAW, Dongfeng Motor, China South Industries Group (Norinco/兵器装备)",https://libattery.ofweek.com/2025-07/ART-36008-8120-30666911.html,2025-07-18,0.7,true,
lishen-battery-suzhou-co-ltd-lishen-battery-suzhou-plant-china,Lishen Battery (Suzhou) plant,"Lishen Battery (Suzhou) Co., Ltd.",Tianjin Lishen Battery (CETC-controlled),China,China,,,operational,2017,2018,15.0,2017,"{""2018"":4}",,NMC (ternary lithium-ion),cylindrical,mixed,,https://cn.solarbe.com/news/20231119/82471.html,2023-11-19,0.65,true,
liuzhou-gotion-battery-co-ltd-gotion-high-tech-subsidiary-gotion-liuzhou-power-battery-base-china,Gotion Liuzhou power battery base,"Liuzhou Gotion Battery Co., Ltd. (Gotion High-tech subsidiary)",Gotion High-tech,China,China,,,operational,2022,2024,30.0,2024,"{""2024"":20}",,LFP,,"EV / power battery (passenger, commercial, special vehicles) and energy storage","Liuzhou municipal government (local government-backed investment); operated via majority-owned subsidiary Liuzhou Gotion Battery Co., Ltd.",https://finance.sina.com.cn/roll/2025-01-15/doc-inefachx7105908.shtml,2025-01-15,0.72,true,
microvast-power-systems-huzhou-co-ltd-microvast-huzhou-plant-china,Microvast Huzhou Plant,"Microvast Power Systems (Huzhou) Co., Ltd.","Microvast Holdings, Inc.",China,China,30.87,120.08,operational,2017,,4.0,2026,"{""2024"":3.5,""2026"":4}",,NMC,pouch,mixed,,https://www.ainvest.com/news/microvast-china-expansion-niche-ev-supplier-flexible-cell-manufacturer-2509/,2026-07-18,0.7,true,
nanchang-veken-battery-co-ltd-veken-nanchang-industrial-park-nanchang-veken-sodium-battery-base-china,Veken Nanchang Industrial Park (Nanchang Veken sodium battery base),"Nanchang Veken Battery Co., Ltd.","Veken Technology Co., Ltd. (Shanghai 600152) / Veken Holding Group",China,China,,,operational,2022,2023,2.0,2025,"{""2023"":0.5,""2025"":2.0}",,sodium-ion,prismatic,ESS,,http://www.jjckb.cn/2023-05/27/c_1310722429.htm,2023-05-27,0.75,true,
narada-power-narada-wuxi-lfp-cell-plant-china,Narada Wuxi LFP cell plant,Narada Power,"Zhejiang Narada Power Source Co., Ltd.",China,China,,,,,,,,,,LFP,,ESS,,https://www.power-technology.com/marketdata/narada-power-wuxi-industrial-park-battery-energy-storage-system-i-ii-china/,2026-07-19,0.2,false,
narada-power-jiuquan-narada-wholly-owned-subsidiary-narada-jiuquan-storage-cell-base-jiuquan-narada-smart-energy-storage-manufacturing-base-china,Narada Jiuquan storage cell base (Jiuquan Narada Smart Energy Storage Manufacturing Base),"Narada Power (Jiuquan Narada, wholly-owned subsidiary)","Zhejiang Narada Power Source Co., Ltd.",China,China,,,operational,2023,2024,4.0,2024,,,LFP,prismatic,ESS,,https://www.desn.com.cn/news/show-1709590.html,2024-06-19,0.8,true,
narada-power-nandu-power-nandu-power-narada-hangzhou-fuyang-lithium-cell-base-china,Nandu Power (Narada) Hangzhou/Fuyang Lithium Cell Base,Narada Power (Nandu Power),"Zhejiang Narada Power Source Co., Ltd. (南都电源, SZSE: 300068)",China,China,,,operational,,,,,,,LFP (also lead-acid legacy; sodium-ion and semi-solid/solid-state in R&D),prismatic,ESS,,https://finance.sina.com.cn/wm/2026-04-30/doc-inhwfpqh7558391.shtml,2026-04-30,0.45,true,
narada-power-zhejiang-narada-power-source-co-ltd-narada-hangzhou-lin-an-plant-china,Narada Hangzhou Lin'an Plant,"Narada Power (Zhejiang Narada Power Source Co., Ltd.)","Zhejiang Narada Power Source Co., Ltd.",China,China,,,operational,,,,,,,mixed (lead-acid VRLA historically; lithium-ion/LFP and solid-state R&D and pilot cell lines),,mixed,,https://www.naradapower.com/about/,2026-07-18,0.35,true,
penghui-energy-penghui-liuzhou-base-liuzhou-smart-energy-storage-power-battery-manufacturing-base-china,Penghui Liuzhou Base (Liuzhou Smart Energy Storage & Power Battery Manufacturing Base),Penghui Energy,"Guangzhou Great Power Energy & Technology Co., Ltd. (Penghui Energy, 300438.SZ)",China,China,,,operational,2021,2022,20.0,2022,"{""2022"":5.5,""2023"":10.5}",,LFP (lithium iron phosphate); company also develops sodium-ion,,mixed,,https://news.bjx.com.cn/html/20230531/1310110.shtml,2023-05-31,0.72,true,
phylion-battery-xingheng-power-co-ltd-phylion-suzhou-plant-suzhou-manufacturing-base-china,Phylion Suzhou Plant (Suzhou manufacturing base),"Phylion Battery (Xingheng Power Co., Ltd.)","Phylion Battery Co., Ltd. (Xingheng Power / 星恒电源)",China,China,,,operational,,2003,2.0,2025,,,"Manganese-based lithium (LMO / manganese multi-component composite lithium), transitioning to LMFP (lithium manganese iron phosphate) blend; also LFP",prismatic,mixed,,https://www.inewenergy.com/newsn/gongsi/43500.html,2025-04-01,0.6,true,
phylion-battery-xingheng-power-phylion-chuzhou-plant-china,Phylion Chuzhou Plant,Phylion Battery (Xingheng Power),"Phylion Battery Co., Ltd. (星恒电源股份有限公司)",China,China,,,operational,2018,2019,25.0,2025,"{""2019"":3.5,""2020"":8,""2025"":12}",,mixed (manganese-based lithium / LMFP / LFP),prismatic,mixed,,https://www.phylion.com/news_21/149.html,2026-07-18,0.6,true,
pylontech-pylon-technologies-pylontech-hefei-feixi-lfp-cell-plant-10gwh-lithium-battery-r-d-and-manufacturing-base-china,Pylontech Hefei Feixi LFP cell plant (10GWh lithium battery R&D and manufacturing base),Pylontech (Pylon Technologies / 派能科技),"Pylon Technologies Co., Ltd. (派能科技, SSE STAR 688063)",China,China,,,operational,2022,2023,10.0,2027,"{""2023"":5,""2027"":10}",,LFP,prismatic,ESS,,https://www.energytrend.com/news/20221104-30341.html,2026-07-18,0.7,true,
pylontech-pylon-technologies-co-ltd-pylontech-shanghai-lfp-cell-base-china,Pylontech Shanghai LFP cell base,"Pylontech (Pylon Technologies Co., Ltd.)","Pylon Technologies Co., Ltd.",China,China,,,operational,,,,,,,LFP,,ESS,,https://en.pylontech.com.cn/about/manufacturing,2026-07-18,0.5,true,
qingtao-kunshan-energy-qingtao-energy-kunshan-semi-solid-plant-china,QingTao Energy Kunshan Semi-Solid Plant,QingTao (Kunshan) Energy,"QingTao Energy (QingTao Energy Development Co., Ltd.)",China,China,,,operational,2022,2023,10.0,2023,,,"semi-solid-state (oxide electrolyte; high-nickel NMC for EV, also LFP-based for ESS)",,mixed,,https://cnevpost.com/2022/03/01/chinese-solid-state-battery-startup-qingtaos-10-gwh-project-begins-construction/,2022-03-01,0.72,true,
quzhou-great-power-energy-technology-co-ltd-great-power-quzhou-energy-storage-battery-base-quzhou-smart-manufacturing-new-city-china,Great Power Quzhou energy storage battery base (Quzhou Smart Manufacturing New City),"Quzhou Great Power Energy Technology Co., Ltd.","Guangzhou Great Power Energy and Technology Co., Ltd. (300438.SZ)",China,China,,,operational,2022,2023,41.0,2026,"{""2023"":11}",,LFP,prismatic,ESS,,https://finance.sina.com.cn/wm/2024-11-22/doc-incwycqa3726500.shtml,2024-11-22,0.7,true,
rept-battero-rept-battero-chongqing-plant-china,REPT Battero Chongqing plant,REPT Battero,Tsingshan Holding Group,China,China,,,,,,,,,,LFP,,,,https://www.reptbattero.com,2026-07-18,0.2,true,
rept-battero-rept-battero-foshan-plant-china,REPT Battero Foshan plant,REPT Battero,Tsingshan Holding Group,China,China,,,,,,,,,,,,,,https://www.reptbattero.com/en/,2026-07-18,0.2,true,
rept-battero-rept-battero-jiaxing-plant-china,REPT Battero Jiaxing plant,REPT Battero,Tsingshan Holding Group,China,China,,,,,,,,,,LFP and NMC (ternary) lithium-ion,,EV power batteries and energy storage systems (ESS),,https://www.reptbattero.com,2026-07-18,0.25,true,
rept-battero-rept-battero-liuzhou-plant-china,REPT Battero Liuzhou plant,REPT Battero,Tsingshan Holding Group,China,China,,,,,,,,,,,,,,https://www.reptbattero.com,2026-07-18,0.2,true,
rept-battero-rept-battero-wenzhou-plant-china,REPT Battero Wenzhou plant,REPT Battero,Tsingshan Holding Group,China,China,,,operational,,,50.0,2025,,"[{""year"": 2019, ""cumulative_gwh"": null, ""added_gwh"": null, ""basis"": ""commissioned"", ""event"": ""Wenzhou base first cell production line commissioned (Jan 2019); no dated standalone GWh figure published for this phase."", ""source_url"": ""https://libattery.ofweek.com/2023-12/ART-36001-8460-30620203.html"", ""source_date"": ""2023-12-05""}, {""year"": 2022, ""cumulative_gwh"": 26, ""added_gwh"": null, ""basis"": ""operational"", ""event"": ""Wenzhou base (~20 ha) annual planned/nameplate capacity reaches ~26 GWh after lines commissioned through Sep 2022."", ""source_url"": ""https://www.energytrend.com/news/20230117-30811.html"", ""source_date"": ""2023-01-17""}, {""year"": 2023, ""cumulative_gwh"": 50, ""added_gwh"": 24, ""basis"": ""planned"", ""event"": ""Wenzhou Phase III (三期) groundbreaking on 2023-03-01: +24 GWh cell (plus PACK), stated to bring the Wenzhou base total to 50 GWh once operational."", ""source_url"": ""https://m.bjx.com.cn/mnews/20230302/1291991.shtml"", ""source_date"": ""2023-03-02""}, {""year"": 2025, ""cumulative_gwh"": 50, ""added_gwh"": null, ""basis"": ""announced_target"", ""event"": ""IPO prospectus target: expand Wenzhou factory to ~50 GWh by end-2025 (Phase III designed 24 GWh)."", ""source_url"": ""https://www1.hkexnews.hk/listedco/listconews/sehk/2023/1208/2023120800020_c.pdf"", ""source_date"": ""2023-12-08""}, {""year"": 2025, ""cumulative_gwh"": 50, ""added_gwh"": null, ""basis"": ""commissioned"", ""event"": ""Wenzhou REPT Battero plant (Phase III workshops, ~580,000 m2) passes construction completion acceptance (竣工验收), consistent with ~50 GWh site capacity built."", ""source_url"": ""https://www.cscec.com.cn/xwzx_new/zqydt_new/202507/3882614.html"", ""source_date"": ""2025-07-01""}]",LFP and NMC (ternary) lithium-ion,,EV (power) and energy storage (ESS),,https://www.reptbattero.com,2026-07-18,0.3,true,true
sk-on-skoj-yancheng-battery-plant-sk-on-eve-energy-jv-china,SKOJ Yancheng battery plant (SK On–EVE Energy JV),SK On,SK On (SK Innovation / SK Group),China,China,,,operational,2019,2021,27.0,2022,"{""2021"": 10, ""2022"": 27}",,NMC (high-nickel NCM),pouch,EV,"SK On, EVE Energy",https://www.thelec.net/news/articleView.html?idxno=11553,2025-11-21,0.8,true,
svolt-svolt-jintan-plant-changzhou-china,SVOLT Jintan plant (Changzhou),SVOLT,Great Wall Motor (GWM),China,China,31.746,119.573,operational,2018,2019,18.0,2022,"{""2019"":4,""2020"":12,""2022"":18}",,"LFP and cobalt-free NMX/NMC (prismatic ""short-blade"" cells)",prismatic (short-blade),EV batteries,,https://en.wikipedia.org/wiki/SVOLT,2026-07-18,0.6,true,
svolt-svolt-nanjing-plant-lishui-base-china,SVOLT Nanjing plant (Lishui base),SVOLT,"SVOLT Energy Technology Co., Ltd (蜂巢能源)",China,China,,,operational,2021,2022,14.6,2023,"{""2022"":6.6,""2023"":14.6}",,,,EV / power batteries,,https://www.svolt.cn/en/about_newdal.php?tab=about&VID=155,2021-06-22,0.6,true,
svolt-honeycomb-energy-svolt-baoding-plant-r-d-centre-china,SVOLT Baoding plant (R&D centre),SVOLT (Honeycomb Energy / 蜂巢能源),SVOLT Energy Technology (Great Wall Motor-backed),China,China,,,operational,2016,2016,,,,,LFP (short-blade) and cobalt-free NMC (NMx); pilot/R&D scale,short-blade prismatic,EV / energy storage (R&D),,https://www.svolt.cn/about/profile,2026-07-18,0.4,true,
svolt-honeycomb-energy-svolt-huzhou-plant-south-taihu-new-area-china,SVOLT Huzhou plant (South Taihu New Area),SVOLT (Honeycomb Energy / 蜂巢能源),"SVOLT Energy Technology Co., Ltd.",China,China,,,operational,2021,2023,20.0,2023,"{""2023"":15,""2025"":20}",,"LFP (prismatic ""short blade"" cells)",prismatic (short blade),EV / PHEV power batteries,,http://regional.chinadaily.com.cn/huzhou/2021-02/22/c_593733.htm,2026-07-18,0.72,true,
svolt-honeycomb-energy-svolt-taizhou-plant-china,SVOLT Taizhou plant,SVOLT (Honeycomb Energy),Great Wall Motor (GWM),China,China,,,operational,2021,2022,,,,,LFP (short-blade cells assembled into packs; cells produced at other SVOLT sites),,"EV / automotive (Great Wall Ora, Haval, Tank)",,https://www.mytaizhou.net/folder1/folder2/folder7/2021-06-10/492417.html,2021-06-10,0.4,false,
svolt-svolt-energy-technology-svolt-ma-anshan-plant-china,SVOLT Ma'anshan plant,SVOLT (Svolt Energy Technology / 蜂巢能源),SVOLT Energy Technology (backed by / spun off from Great Wall Motor),China,China,,,operational,2021,2021,28.0,2021,,,LFP (short-blade prismatic); SVOLT also produces cobalt-free NMx/NMC short-blade cells,prismatic (short-blade / 短刀),EV power batteries and energy storage,,https://en.wikipedia.org/wiki/SVOLT,2026-07-18,0.75,true,
svolt-svolt-energy-technology-svolt-suining-plant-china,SVOLT Suining plant,SVOLT (Svolt Energy Technology),Great Wall Motor (GWM),China,China,,,operational,2021,2022,20.0,2022,,,LFP (Short Blade prismatic cells; new 20 GWh sodium-ion line announced 2025),prismatic (short blade),EV / automotive (plus stationary storage via sodium-ion project),,https://www.electrive.com/2022/11/04/svolt-kicks-off-production-in-suining/,2022-11-04,0.75,true,
svolt-svolt-energy-technology-svolt-yancheng-plant-china,SVOLT Yancheng plant,SVOLT (Svolt Energy Technology),SVOLT Energy Technology (originally spun out of Great Wall Motor),China,China,,,under_construction,2022,,22.3,2022,,,Cobalt-free NMx / NMC (SVOLT also produces LFP); plant-specific chemistry not separately sourced,"prismatic (SVOLT ""short-blade"") - company-level, not plant-confirmed",EV power batteries (and energy storage),,https://cnevpost.com/2022/01/07/svolt-energy-begins-construction-of-new-1-57-billion-battery-plant/,2022-01-07,0.55,true,
svolt-energy-technology-svolt-shangrao-base-china,SVOLT Shangrao Base,SVOLT Energy Technology,Great Wall Motor (GWM),China,China,,,operational,2021,2022,24.0,2023,"{""2022"":4,""2023"":24}",,LFP (short-blade cells; some NMC short-blade variants),prismatic short-blade (短刀),"EV / automotive (Great Wall Motor, Geely)",,https://www.itdcw.com/news/focus/0HG363K2023.html,2023-07-27,0.85,true,
svolt-energy-technology-honeycomb-energy-svolt-chengdu-plant-chengdu-eastern-new-area-base-china,SVOLT Chengdu plant (Chengdu Eastern New Area base),SVOLT Energy Technology (Honeycomb Energy / 蜂巢能源),"SVOLT Energy Technology Co., Ltd. (originally spun out of Great Wall Motor)",China,China,,,operational,2021,2023,60.0,2021,"{""2024"":31.5}","[{""year"": 2021, ""cumulative_gwh"": null, ""added_gwh"": null, ""basis"": ""announced_target"", ""event"": ""SVOLT signs agreement with Chengdu city government (Sept 2021) to build a power-battery base in Chengdu Eastern New Area (Jianzhou New Town). Announced as ~60 GWh at full nameplate, to be built in three expansion phases of 20 GWh each; total investment CNY 22bn (~EUR 2.9bn), first phase ~CNY 10bn. Nothing online yet."", ""source_url"": ""https://www.electrive.com/2021/09/17/svolt-expands-with-a-third-plant-in-china/"", ""source_date"": ""2021-09-17""}, {""year"": 2022, ""cumulative_gwh"": 0, ""added_gwh"": null, ""basis"": ""planned"", ""event"": ""Groundbreaking / foundation laid (7 Jan 2022); construction of phase 1 begins. Reported as a ~USD 1.57bn (~CNY 10bn) first-phase investment. No capacity online yet."", ""source_url"": ""https://cnevpost.com/2022/01/07/svolt-energy-begins-construction-of-new-1-57-billion-battery-plant/"", ""source_date"": ""2022-01-07""}, {""year"": 2023, ""cumulative_gwh"": 31.5, ""added_gwh"": null, ""basis"": ""commissioned"", ""event"": ""Phase 1 enters production (25 Oct 2023): first flying-stacked short-blade 325Ah LFP energy-storage cell rolls off the line. Official project = total investment CNY 22bn in two phases; phase 1 investment ~CNY 11.6bn with designed capacity ~31.5 GWh. Base achieved 'break ground, start production and reach scale in the same year' - SVOLT's fastest-to-production site. Figure is phase-1 design nameplate; output was still ramping."", ""source_url"": ""https://sc.cnr.cn/scpd/rdzt/xq/xq4/20231026/t20231026_526463663.shtml"", ""source_date"": ""2023-10-26""}, {""year"": 2024, ""cumulative_gwh"": 31.5, ""added_gwh"": null, ""basis"": ""operational"", ""event"": ""Base declared fully operational (全面投运, 26 Oct 2024): three cell products - 325Ah and 350Ah ESS cells plus 162Ah 2nd-gen short-blade power cell - in mass production, with PACK units also produced. Phase 1 (~31.5 GWh design capacity) now fully in operation, supplying ESS customers and automakers (e.g. Geely). Phase 2 (~28.5 GWh, to reach the ~60 GWh total plan) not yet built as of this date."", ""source_url"": ""https://www.nbd.com.cn/articles/2024-10-26/3609630.html"", ""source_date"": ""2024-10-26""}]",LFP (short-blade / flying-stacked cells; power and energy-storage cells including 325Ah ESS cell),"Short-blade (flat prismatic ""short blade"" / flying-stacked) cells",Both EV power batteries and stationary energy storage (ESS),Chengdu Municipal Government / Chengdu Eastern New Area (strategic cooperation; SVOLT is sole operator),https://sichuan.scol.com.cn/cddt/202310/58998444.html,2023-10-25,0.8,true,true
shaanxi-green-energy-storage-technology-co-ltd-shaanxi-green-energy-storage-lfp-cell-plant-yulin-china,Shaanxi Green Energy Storage LFP Cell Plant Yulin,"Shaanxi Green Energy Storage Technology Co., Ltd.","Shaanxi Green Energy Co., Ltd. (Shaanxi Environmental Protection Industry Group)",China,China,,,operational,2025,2026,2.0,2026,"{""2026"":2}",,LFP,prismatic,ESS,,https://www.ess-news.com/2026/05/08/shaanxi-state-owned-unit-rolls-out-3777-ah-lfp-storage-cell-in-china/,2026-05-08,0.7,true,
shandong-sacred-sun-power-sources-co-ltd-sacred-sun-qufu-lithium-cell-plant-china,Sacred Sun Qufu Lithium Cell Plant,"Shandong Sacred Sun Power Sources Co., Ltd.","Sacred Sun (圣阳股份, Shenzhen Stock Exchange: 002580)",China,China,,,operational,2022,2022,2.0,2026,,,"LFP, NMC (mixed): prismatic aluminium-shell LFP and cylindrical ternary NMC",mixed,mixed,,https://sacredsun.eu/discover-our-lithium-plant-in-qufu-china/,2026-07-19,0.6,true,
shanghai-deligreen-power-deligreen-shanghai-cylindrical-cell-plant-china,Deligreen Shanghai Cylindrical Cell Plant,Shanghai Deligreen Power,DLG (德朗能) Group,China,China,,,operational,,2009,,,,,NMC,cylindrical,mixed,,https://baike.baidu.com/item/%E4%B8%8A%E6%B5%B7%E5%BE%B7%E6%9C%97%E8%83%BD%E5%8A%A8%E5%8A%9B%E7%94%B5%E6%B1%A0%E6%9C%89%E9%99%90%E5%85%AC%E5%8F%B8/15954713,2026-07-19,0.4,true,
shanghai-electric-gotion-new-energy-technology-nantong-co-ltd-shanghai-electric-gotion-new-energy-nantong-energy-storage-battery-base-china,Shanghai Electric Gotion New Energy (Nantong) energy storage battery base,"Shanghai Electric Gotion New Energy Technology (Nantong) Co., Ltd.",Gotion High-tech,China,China,,,operational,2018,2020,10.0,2020,"{""2020"":5}",,LFP,,energy storage (ESS),Shanghai Electric; Gotion High-tech,https://www.argusmedia.com/en/news-and-insights/latest-market-news/2148722-china-nantong-battery-project-phase-1-at-full-capacity,2020-09-30,0.82,true,
shanxi-huana-xinneng-technology-huayang-yangquan-sodium-ion-battery-line-huana-xinneng-china,Yangquan sodium-ion battery line (Huana Xinneng),Shanxi Huana Xinneng Technology (Huayang),"Huayang Group (Huayang Co., Ltd, SSE 600348)",China,China,,,operational,2019,2022,5.0,2026,"{""2022"":1,""2025"":2,""2026"":5}",,sodium-ion,,mixed,"Huayang Group, Zhongke Haina (HiNa Battery)",https://eraes.com.cn/newsinfo/8980184.html,2026-07-18,0.7,true,
shenzhen-betterpower-battery-co-ltd-shenzhen-betterpower-shenzhen-plant-longhua-base-china,Shenzhen BetterPower Shenzhen Plant (Longhua base),"Shenzhen BetterPower Battery Co., Ltd","BetterPower Battery Co., Ltd (BPI)",China,China,,,operational,,2002,,,,,"mixed (Ni-MH, lithium-ion, lithium polymer)",mixed,consumer,,https://www.betterpower.com.cn/about/,2026-07-19,0.55,true,
shenzhen-zhuoneng-new-energy-co-ltd-zhuoneng-shenzhen-plant-china,Zhuoneng Shenzhen Plant,"Shenzhen Zhuoneng New Energy Co., Ltd","Shenzhen Zhuoneng New Energy Co., Ltd (卓能股份, NEEQ 836483.OC)",China,China,,,operational,,2011,,,,,"Li-ion (cylindrical 18650/18730), also LFP",cylindrical,mixed,,https://pdf.dfcfw.com/pdf/H2_AN201604260014549623_1.pdf,2016-04-26,0.5,true,
shuangdeng-group-co-ltd-shuangdeng-new-energy-storage-cell-project-jiangyan-taizhou-china,"Shuangdeng New Energy Storage Cell Project (Jiangyan, Taizhou)","Shuangdeng Group Co., Ltd.","Shuangdeng Group Co., Ltd. (Shoto)",China,China,,,under_construction,,2026,10.0,2027,,,mixed (lithium-ion LFP and sodium-ion),,ESS,,https://www.energytrend.cn/news/20260526-147543.html,2026-05-26,0.72,true,
sunwoda-sunwoda-maoming-dianbai-automotive-electronics-base-china,Sunwoda Maoming (Dianbai) automotive electronics base,Sunwoda,"Sunwoda Electronic Co., Ltd.",China,China,,,operational,2022,2023,,,,,,,EV,,http://gd.people.com.cn/n2/2023/1229/c123932-40697446.html,2023-12-29,0.75,false,
sunwoda-sunwoda-nanchang-power-battery-production-base-china,Sunwoda Nanchang power battery production base,Sunwoda,"Sunwoda Electronic Co., Ltd.",China,China,,,operational,2021,2022,50.0,2024,"{""2022"":4,""2024"":35.9,""2026"":50}","[{""year"": 2021, ""cumulative_gwh"": 50, ""added_gwh"": null, ""basis"": ""announced_target"", ""event"": ""Announced 9 Aug 2021: Sunwoda (wholly-owned Nanchang Sunwoda) to invest RMB ~20bn in the Nanchang power battery production base, ~1,800 mu, full nameplate 50 GWh/yr of cells over four phases (phase 1: 4 GWh; phase 2: +10 GWh; phase 3: +16 GWh; phase 4: +20 GWh cells)."", ""source_url"": ""https://auto.gasgoo.com/news/202108/13I70268074C501.shtml"", ""source_date"": ""2021-08-13""}, {""year"": 2022, ""cumulative_gwh"": 4, ""added_gwh"": 4, ""basis"": ""commissioned"", ""event"": ""Phase 1 (leased Jinkai park; 4 GWh cell + 4 GWh battery-system line, ~RMB 1.6bn) reached production around April 2022. Government/company sources confirm mass production began in 2022."", ""source_url"": ""https://auto.gasgoo.com/news/202108/13I70268074C501.shtml"", ""source_date"": ""2021-08-13""}, {""year"": 2024, ""cumulative_gwh"": 35.9, ""added_gwh"": null, ""basis"": ""operational"", ""event"": ""As of March 2024, phases 1-3 (15 production lines built in 15 months) fully commissioned, giving 35.9 GWh/yr of power-battery capacity online at the site - described as the group's fastest-built and largest operational battery base."", ""source_url"": ""https://finance.sina.com.cn/wm/2024-03-04/doc-inamcvps8047519.shtml"", ""source_date"": ""2024-03-04""}, {""year"": 2026, ""cumulative_gwh"": 50, ""added_gwh"": 20, ""basis"": ""planned"", ""event"": ""Phase 4 (+20 GWh cells) planned for 2026 implementation per the original four-phase plan, taking the site to its 50 GWh/yr full nameplate. Not yet confirmed operational."", ""source_url"": ""https://auto.gasgoo.com/news/202108/13I70268074C501.shtml"", ""source_date"": ""2021-08-13""}]",mixed (LFP/NMC lithium-ion; large-format storage cells incl. 684 Ah),prismatic,mixed,,https://www.sunwoda.com/article/582/9.html,2024-03-04,0.72,true,true
sunwoda-sunwoda-nanjing-power-battery-base-lishui-china,Sunwoda Nanjing power battery base (Lishui),Sunwoda,"Sunwoda Electronic Co., Ltd.",China,China,,,operational,,2022,30.0,2023,,,,,EV,,https://finance.sina.com.cn/jjxw/2023-08-30/doc-imzixsin0824274.shtml,2023-08-30,0.6,true,
sunwoda-sunwoda-quzhou-plant-china,Sunwoda Quzhou plant,Sunwoda,"Sunwoda Electronic Co., Ltd.",China,China,,,operational,2024,2025,,,,,LFP,prismatic,ESS,,https://www.pv-magazine.com/2025/08/27/sunwoda-debuts-684-ah-storage-cell-targets-mass-production-in-early-2026/,2025-08-27,0.6,true,
sunwoda-sunwoda-shenzhen-plant-china,Sunwoda Shenzhen plant,Sunwoda,"Sunwoda Electronic Co., Ltd.",China,China,,,operational,,,,,,,,,,,https://www.sunwoda.com,2026-07-18,0.2,false,
sunwoda-sunwoda-yichang-power-battery-production-base-china,Sunwoda Yichang power battery production base,Sunwoda,"Sunwoda Electronic Co., Ltd.",China,China,,,operational,2021,2023,30.0,2025,"{""2023"":20,""2025"":30}",,,,EV,"Sunwoda, Dongfeng Motor Group",https://en.sunwoda.com/article/595/9.html,2023-10-13,0.8,true,
sunwoda-sunwoda-evb-sunwoda-power-sunwoda-zhuhai-plant-china,Sunwoda Zhuhai plant,Sunwoda (Sunwoda EVB / Sunwoda Power),"Sunwoda Electronic Co., Ltd.",China,China,,,announced,2022,,30.0,2022,,,,,mixed,,https://www.electrive.com/2022/03/02/sunwoda-to-build-30-gwh-battery-plant-in-china/,2022-03-02,0.5,true,
sunwoda-automotive-battery-sunwoda-evb-sunwoda-deyang-shifang-power-and-energy-storage-battery-base-china,Sunwoda Deyang (Shifang) power and energy storage battery base,Sunwoda Automotive Battery (Sunwoda EVB),"Sunwoda Electronic Co., Ltd.",China,China,,,operational,2022,2023,25.0,2023,,,LFP,prismatic,ESS,,https://www.x-techcon.com/article/25147.html,2026-07-19,0.78,true,
sunwoda-evb-sunwoda-electric-vehicle-battery-co-ltd-sunwoda-yiwu-new-energy-power-battery-production-base-china,Sunwoda Yiwu New Energy Power Battery Production Base,"Sunwoda EVB (Sunwoda Electric Vehicle Battery Co., Ltd.)","Sunwoda Electronic Co., Ltd.",China,China,,,operational,2022,2023,50.0,2026,"{""2024"":30,""2026"":50}","[{""year"": 2022, ""cumulative_gwh"": 50, ""added_gwh"": null, ""basis"": ""announced_target"", ""event"": ""Project announced: 50 GWh/yr total power + ESS battery base at Yiwu, Zhejiang, RMB 21.3bn, in two phases (Phase 1 30 GWh, Phase 2 20 GWh). Nothing yet built."", ""source_url"": ""https://cnevpost.com/2022/09/20/sunwoda-to-build-3-billion-battery-base-50-gwh/"", ""source_date"": ""2022-09-20""}, {""year"": 2022, ""cumulative_gwh"": null, ""added_gwh"": null, ""basis"": ""planned"", ""event"": ""Groundbreaking / construction start at Yiwu Green Power Town (~4 Dec 2022). Phase 1 = 30 GWh line; 500-day build programme. No capacity online yet."", ""source_url"": ""https://cn.solarbe.com/news/20221205/60557.html"", ""source_date"": ""2022-12-05""}, {""year"": 2023, ""cumulative_gwh"": 30, ""added_gwh"": 30, ""basis"": ""commissioned"", ""event"": ""Phase 1 commissioned: first cell and pack rolled off the line on 9 Dec 2023; Phase 1 30 GWh production line put into production (supplying Geely/Volvo). Figure is the Phase 1 line nameplate at commissioning, not a separately-dated full-ramp output."", ""source_url"": ""https://www.yw.gov.cn/art/2023/12/11/art_1229187636_59465977.html"", ""source_date"": ""2023-12-11""}, {""year"": 2025, ""cumulative_gwh"": 50, ""added_gwh"": 20, ""basis"": ""planned"", ""event"": ""Phase 2 (20 GWh, RMB 8.5bn) environmental impact assessment accepted 21 Jul 2025 by Yiwu eco-environment bureau; would raise site total to 50 GWh/yr, completion targeted around 2026. Still at approval stage as of mid-2025, not online."", ""source_url"": ""https://finance.sina.com.cn/roll/2025-07-21/doc-infhfmiu4781361.shtml"", ""source_date"": ""2025-07-21""}]",mixed (LFP and NMC),,mixed,,https://cnevpost.com/2022/09/20/sunwoda-to-build-3-billion-battery-base-50-gwh/,2022-09-20,0.8,true,true
sunwoda-evb-sunwoda-electronic-sunwoda-zaozhuang-plant-china,Sunwoda Zaozhuang plant,Sunwoda EVB (Sunwoda Electronic),"Sunwoda Electronic Co., Ltd.",China,China,,,,,,,,,,,,,,https://www.sunwoda.com,2026-07-18,0.2,true,
taiji-sodium-jingzhou-technology-co-ltd-taiji-sodium-cylindrical-cell-base-jingzhou-china,Taiji Sodium Cylindrical Cell Base Jingzhou,"Taiji Sodium (Jingzhou) Technology Co., Ltd.",Taiji Sodium,China,China,,,announced,2026,,3.0,2026,,,sodium-ion,cylindrical,ESS,,https://www.energytrend.com/news/20260630-51681.html,2026-06-30,0.65,true,
talent-new-energy-talent-new-energy-chongqing-solid-state-plant-china,Talent New Energy Chongqing Solid-State Plant,Talent New Energy,Talent New Energy (Tailan New Energy),China,China,,,operational,2022,2022,2.2,2025,"{""2022"":0.2,""2024"":2.2}",,semi-solid-state / solid-state lithium (oxide route),pouch,EV,,https://cnevpost.com/2023/07/17/solid-state-battery-startup-talent-closes-new-funding/,2023-07-17,0.6,true,
tangshan-guoxuan-battery-co-ltd-wholly-owned-subsidiary-of-hefei-gotion-high-tech-power-energy-gotion-tangshan-plant-tangshan-guoxuan-battery-co-ltd-china,"Gotion Tangshan plant (Tangshan Guoxuan Battery Co., Ltd)","Tangshan Guoxuan Battery Co., Ltd (wholly-owned subsidiary of Hefei Gotion High-tech Power Energy)",Gotion High-tech,China,China,,,operational,,2016,30.0,2025,"{""2016"":1,""2024"":20,""2025"":30}",,LFP,prismatic (produces 314Ah LFP energy-storage cells),"Energy storage systems (exported ESS containers) and EV heavy trucks, buses and electric ships",,https://tangshan.huanbohainews.com.cn/2025-06/15/content_50443603.html,2025-06-15,0.8,true,
tianjin-lishen-battery-lishen-chuzhou-base-quanjiao-china,Lishen Chuzhou base (Quanjiao),Tianjin Lishen Battery,China Electronics Technology Group Corporation (CETC),China,China,,,operational,2022,2023,36.0,2025,"{""2023"":16}",,LFP,,mixed,,https://news.metal.com/newscontent/101689270/152-billion-yuan-36gwh-lishen-lithium-battery-production-base-located-in-chuzhou-anhui-province,2022-02-10,0.7,true,
tianjin-lishen-battery-lishen-mianyang-southwest-production-base-china,Lishen Mianyang Southwest Production Base,Tianjin Lishen Battery,Lishen (Tianjin Lishen Battery Joint-Stock Co.),China,China,,,operational,2014,2016,,,,,,,EV,,https://kxjs.tj.gov.cn/ZWGK4143/ZXGZ7816/GQRD9031/GZDT2871/202008/t20200826_3531526.html,2020-08-26,0.55,true,
tianjin-lishen-battery-lishen-wuxi-new-energy-industrial-base-china,Lishen Wuxi New Energy Industrial Base,Tianjin Lishen Battery,"China Electronics Technology Group (CETC) / Tianjin Lishen Battery Joint-Stock Co., Ltd.",China,China,,,under_construction,2021,,24.0,2025,,,,,EV,,https://news.metal.com/newscontent/101667662/112-billion-yuan-lishen-battery-annual-production-24gwh-lithium-battery-new-energy-industry-base-settled-in-wuxi,2026-07-18,0.6,true,
tianjin-lishen-battery-joint-stock-co-ltd-lishen-tianjin-plant-tianjin-binhai-new-energy-industry-base-china,Lishen Tianjin plant (Tianjin Binhai New Energy Industry Base),"Tianjin Lishen Battery Joint-Stock Co., Ltd.",China Chengtong Holdings Group,China,China,,,operational,2022,2023,24.0,2022,"{""2023"":8}",,mixed (LFP and NMC/ternary),mixed,mixed,,https://www.energytrend.com/news/20220705-29186.html,2022-07-05,0.6,true,
tianneng-new-energy-huzhou-co-ltd-zhejiang-tianneng-energy-storage-co-tianneng-changxing-south-taihu-lithium-battery-base-china,Tianneng Changxing (South Taihu) Lithium Battery Base,"Tianneng New Energy (Huzhou) Co., Ltd. (Zhejiang Tianneng Energy Storage Co.)","Tianneng Battery Group Co., Ltd. (Tianneng Holding Group)",China,China,,,operational,2021,2023,15.0,2025,"{""2023"":6,""2025"":15}",,LFP,,mixed,,https://cn.solarbe.com/news/20231108/82103.html,2023-11-08,0.7,true,
tongcheng-gotion-high-tech-gotion-tongcheng-battery-base-40-gwh-power-battery-project-china,Gotion Tongcheng battery base (40 GWh power battery project),Tongcheng Gotion High-Tech,Gotion High-Tech,China,China,,,operational,2021,2022,40.0,2023,"{""2022"":10,""2023"":30}",,LFP,,EV,,http://www.cbea.com/djgc/202312/239333.html,2023-12-01,0.78,true,
trina-storage-trina-storage-chuzhou-lfp-cell-gigafactory-china,Trina Storage Chuzhou LFP cell gigafactory,Trina Storage,Trina Solar (Trinasolar),China,China,,,operational,2022,2023,12.0,2023,"{""2023"":12}",,LFP,prismatic,ESS,,https://www.energytrend.com/news/20260626-51664.html,2026-06-26,0.7,true,
veken-technology-veken-ningbo-sodium-ion-plant-china,Veken Ningbo sodium-ion plant,Veken Technology,Veken Holding Group,China,China,,,operational,2023,2024,,,,,sodium-ion,cylindrical,mixed,,https://www.stcn.com/article/detail/3272622.html,2026-07-18,0.55,true,
wanxiang-a123-wanxiang-a123-hangzhou-plant-wanxiang-innovation-energy-city-china,Wanxiang A123 Hangzhou Plant (Wanxiang Innovation Energy City),Wanxiang A123,Wanxiang Group,China,China,,,operational,2018,2024,80.0,2024,"{""2024"":3.85}","[{""year"": 2018, ""cumulative_gwh"": 80, ""added_gwh"": null, ""basis"": ""announced_target"", ""event"": ""Wanxiang announces an 80 GWh/yr battery cell factory in Hangzhou (part of Wanxiang Innovation Energy City), ~160 ha site, ~USD 10bn investment. Full nameplate target, not online."", ""source_url"": ""https://www.electrive.com/2018/11/16/wanxiang-to-build-80-gwh-battery-factory/"", ""source_date"": ""2018-11-16""}, {""year"": 2019, ""cumulative_gwh"": 80, ""added_gwh"": null, ""basis"": ""planned"", ""event"": ""Construction of Wanxiang Innovation Energy City officially breaks ground (Xiaoshan, Hangzhou), March 2019. Battery base total plan 80 GWh/yr (17 two-storey UNIT buildings, ~68bn yuan); construction period stated as 2019-2035. Nothing online yet."", ""source_url"": ""https://hangzhou.zjol.com.cn/jrsd/bwzg/201903/t20190325_9750855.shtml"", ""source_date"": ""2019-03-25""}, {""year"": 2024, ""cumulative_gwh"": 3.85, ""added_gwh"": 3.85, ""basis"": ""commissioned"", ""event"": ""Phase 1 24 GWh factory building completed and the first 3.85 GWh/yr production line officially put into production on 28 March 2024 (first cells off the line). Phase 2 (32 GWh) only in preliminary design. Only 3.85 GWh actually online, not 80 GWh."", ""source_url"": ""https://www.itdcw.com/news/ycnews/0329140L22024.html"", ""source_date"": ""2024-03-29""}, {""year"": 2024, ""cumulative_gwh"": 3.85, ""added_gwh"": null, ""basis"": ""operational"", ""event"": ""Investor site note (13 Oct 2024): Energy City base planned at 80 GWh but only 3.85 GWh built/online to date; utilisation low. Confirms the 3.85 GWh figure held through late 2024."", ""source_url"": ""https://xueqiu.com/6017083706/319384260"", ""source_date"": ""2024-10-13""}]",LFP,prismatic,mixed,,https://www.energytrend.cn/news/20240412-135068.html,2024-04-12,0.68,true,true
weichai-findreams-weichai-findreams-yantai-new-energy-power-industrial-park-china,Weichai-FinDreams (Yantai) New Energy Power Industrial Park,Weichai-FinDreams,Weichai Group (Shandong Heavy Industry) / BYD,China,China,,,operational,2023,2025,50.0,2025,"{""2025"":20}","[{""year"": 2023, ""cumulative_gwh"": null, ""added_gwh"": null, ""basis"": ""planned"", ""event"": ""Project officially landed / construction commenced November 2023; total three-phase target of 50 GWh/yr power-battery and energy-storage cell base announced."", ""source_url"": ""https://m.en.weichaipower.com/media_center/news/202311/t20231130_98987.html"", ""source_date"": ""2023-11-30""}, {""year"": 2025, ""cumulative_gwh"": 20, ""added_gwh"": 20, ""basis"": ""operational"", ""event"": ""Phase I operational: first power-battery product (blade cell) off the line on 28 March 2025. Phase I comprises 20 GWh/yr of battery cell production capacity (production/lamination/assembly/testing workshops)."", ""source_url"": ""http://shandong.chinadaily.com.cn/yantai/2025-03/31/c_1082153.htm"", ""source_date"": ""2025-03-31""}, {""year"": 2025, ""cumulative_gwh"": 50, ""added_gwh"": null, ""basis"": ""announced_target"", ""event"": ""Full-project target on completion of all three phases: 50 GWh/yr of battery cells (FinDreams blade cells, commercial-vehicle / non-road / ESS). NOT yet online — future target beyond the 20 GWh Phase I."", ""source_url"": ""https://en.weichaipower.com/media_center/news/202504/t20250415_114656.html"", ""source_date"": ""2025-04-15""}]",LFP,prismatic,mixed,"Weichai Group, BYD (FinDreams Battery)",http://shandong.chinadaily.com.cn/yantai/2025-03/31/c_1082153.htm,2026-07-18,0.85,true,true
wenzhou-findreams-battery-co-ltd-byd-findreams-wenzhou-battery-base-qiaotou-yongjia-china,"BYD FinDreams Wenzhou battery base (Qiaotou, Yongjia)","Wenzhou FinDreams Battery Co., Ltd.",BYD,China,China,,,operational,2022,2024,20.0,2024,,,LFP,prismatic (Blade),EV / power batteries,,https://cnevpost.com/2023/02/27/byd-battery-base-wenzhou-capacity-of-20-gwh-starts-construction/,2023-02-27,0.65,true,
wuhu-gotion-power-technology-co-ltd-wuhu-gotion-20gwh-new-energy-battery-base-gotion-wuhu-plant-china,Wuhu Gotion 20GWh New Energy Battery Base (Gotion Wuhu plant),"Wuhu Gotion Power Technology Co., Ltd.",Gotion High-Tech (Guoxuan High-Tech; Volkswagen is largest shareholder),China,China,,,announced,2025,,20.0,2025,,,LFP,,EV,,https://static.cninfo.com.cn/finalpage/2025-08-30/1224628157.PDF,2025-08-30,0.8,true,
wuhu-tianyi-energy-technology-co-ltd-etc-battery-rongjie-energy-wuhu-cell-plant-wuhu-tianyi-energy-etc-battery-china,Rongjie Energy Wuhu Cell Plant (Wuhu Tianyi Energy / ETC Battery),"Wuhu Tianyi Energy Technology Co., Ltd. (ETC Battery)",Rongjie Group (Youngy Group / 融捷集团),China,China,,,operational,2014,,12.0,2025,"{""2023"":6,""2025"":12}",,LFP (also NMC ternary),mixed,mixed,,http://www.gev.org.cn/news/1299.html,2026-07-19,0.7,true,
yao-ning-new-energy-jianhu-yaoning-new-energy-technology-yaoning-new-energy-jianhu-shanggang-base-china,Yaoning New Energy Jianhu (Shanggang) Base,Yao Ning New Energy (Jianhu Yaoning New Energy Technology),Yaoning Technology (Geely-affiliated),China,China,,,operational,2022,2024,12.0,2022,"{""2024"":6}",,LFP,prismatic,EV,,https://www.jianhu.gov.cn/art/2025/2/11/art_12509_4287214.html,2025-02-11,0.8,true,
yichun-gotion-yichun-gotion-battery-plant-china,Yichun Gotion Battery plant,Yichun Gotion,Gotion High-Tech,China,China,,,operational,2021,2022,30.0,2025,"{""2022"":10,""2025"":30}",,LFP,prismatic,EV,,https://cnevpost.com/2022/05/31/gotion-high-tech-adds-30-gwh-to-battery-capacity-as-two-new-sites-come-online/,2026-07-18,0.75,true,
zeekr-vremt-weirui-jidian-factory-zeekr-golden-brick-quzhou-cell-plant-china,Zeekr Golden Brick Quzhou Cell Plant,Zeekr (VREMT/Weirui — Jidian factory),Geely (Zeekr Group),China,China,,,operational,2023,2023,48.0,2024,"{""2024"":24}","[{""year"": 2022, ""cumulative_gwh"": null, ""added_gwh"": null, ""basis"": ""planned"", ""event"": ""Quzhou Jidian cell plant construction started July 2022; Phase 1 planned at 24 GWh/yr, built in ~15 months"", ""source_url"": ""https://technode.com/2023/12/15/heres-everything-we-know-about-zeekrs-new-ev-battery-and-new-quzhou-plant/"", ""source_date"": ""2023-12-15""}, {""year"": 2023, ""cumulative_gwh"": 24, ""added_gwh"": 24, ""basis"": ""commissioned"", ""event"": ""Phase 1 (24 GWh/yr) commissioned; Golden Brick 800V LFP cell production began ~Nov 2023 after ~15-month build"", ""source_url"": ""https://technode.com/2023/12/15/heres-everything-we-know-about-zeekrs-new-ev-battery-and-new-quzhou-plant/"", ""source_date"": ""2023-12-15""}, {""year"": 2024, ""cumulative_gwh"": 24, ""added_gwh"": null, ""basis"": ""operational"", ""event"": ""As of Oct 2024 Phase 1 (24 GWh/yr) operational and Phase 2 installed/ramping; utilisation still being raised, Phases 3 & 4 not yet decided"", ""source_url"": ""https://auto.cri.cn/2024-10-17/68e2fc64-b896-81b9-6ba4-a9956a2eaf92.html"", ""source_date"": ""2024-10-17""}, {""year"": 2024, ""cumulative_gwh"": 48, ""added_gwh"": null, ""basis"": ""announced_target"", ""event"": ""Full planned power-cell nameplate 48 GWh/yr (4 phases) plus separate 17 GWh ESS line; only Phases 1 & 2 in production as of Oct 2024, so 48 GWh is a target not yet online"", ""source_url"": ""https://finance.sina.com.cn/stock/wbstock/2024-10-22/doc-inctmhay1656871.shtml"", ""source_date"": ""2024-10-22""}]","LFP, NMC (mixed)",prismatic,mixed,,https://technode.com/2023/12/15/heres-everything-we-know-about-zeekrs-new-ev-battery-and-new-quzhou-plant/,2023-12-15,0.75,true,true
zhejiang-hu-na-energy-co-ltd-hu-na-energy-sodium-ion-battery-and-system-project-jiaxing-china,Hu Na Energy Sodium-ion Battery and System Project (Jiaxing),"Zhejiang Hu Na Energy Co., Ltd.",,China,China,,,under_construction,2023,,20.0,2025,,,sodium-ion,,mixed,,https://www.ess-news.com/2025/11/24/massive-20-gwh-sodium-ion-battery-manufacturing-plant-announced-in-china/,2025-11-24,0.8,true,
zhongna-energy-yangzhou-co-ltd-zhongna-energy-storage-yangzhou-base-china,Zhongna Energy Storage Yangzhou base,"Zhongna Energy (Yangzhou) Co., Ltd.",Zhongna Energy (CANE / 中钠能源),China,China,,,operational,,2024,5.0,2026,"{""2024"":1,""2025"":3,""2026"":5}",,sodium-ion (line also capable of LFP; 32140 large cylindrical),cylindrical,mixed,,https://zhuanlan.zhihu.com/p/1924047186641032583,2026-07-18,0.72,true,
zhuhai-cosmx-battery-cosmx-chongqing-plant-china,CosMX Chongqing Plant,Zhuhai CosMX Battery,"Zhuhai CosMX Battery Co., Ltd. (688772.SH)",China,China,,,operational,,,,,,,"lithium-ion (consumer polymer, pouch; LCO/NMC)",pouch,consumer,,http://www.cosmx.com/html/en/html/about/news/company/2020/0221/33.html,2026-07-18,0.55,true,
zhuhai-cosmx-battery-co-ltd-cosmx-zhuhai-plant-zhuhai-headquarters-polymer-lithium-ion-battery-base-china,CosMX Zhuhai Plant (Zhuhai headquarters / polymer lithium-ion battery base),"Zhuhai CosMX Battery Co., Ltd.","Zhuhai CosMX Battery Co., Ltd. (SSE: 688772)",China,China,,,operational,,2007,,,,,"lithium-ion (consumer polymer, LCO/NMC)",pouch,consumer,,https://www.cosmx.com/html/about/about/,2026-07-18,0.6,true,
zoolnasm-zhongna-energy-zoolnasm-zhongna-energy-guangde-sodium-ion-battery-base-china,Zoolnasm (Zhongna Energy) Guangde sodium-ion battery base,Zoolnasm (Zhongna Energy),"Jiangsu Zoolnasm New Energy Technology Co., Ltd. (众钠能源)",China,China,,,operational,2023,2024,20.0,2023,"{""2024"":10}",,sodium-ion (polyanionic sodium iron sulfate cathode),cylindrical,mixed,,https://cnevpost.com/2023/11/20/zoolnasm-begins-construction-1st-sodium-battery-base/,2023-11-20,0.72,true,
acc-automotive-cells-company-saft-acc-nersac-pilot-plant-industrial-excellence-center-france,Saft/ACC Nersac Pilot Plant (Industrial Excellence Center),ACC (Automotive Cells Company),"ACC JV (TotalEnergies/Saft, Stellantis, Mercedes-Benz)",France,Europe,,,operational,2020,2021,0.15,2022,,,NMC,,EV,"TotalEnergies/Saft, Stellantis, Mercedes-Benz",https://www.acc-emotion.com/facilities/nersac,2026-07-18,0.7,true,
aesc-battery-spain-envision-aesc-envision-aesc-navalmoral-de-la-mata-venergy-spain,Envision AESC Navalmoral de la Mata (VENERGY+),AESC Battery Spain (Envision AESC),Envision Group,Spain,Europe,,,under_construction,2022,2028,30.0,2030,,,LFP,,EV,,https://www.elespanol.com/motor/20250805/envision-espana-gana-millones-arrancara-gigafactoria-navalmoral-mata-segundo-semestre/1003743875404_0.html,2025-08-05,0.55,true,
amte-power-amte-power-thurso-united-kingdom,AMTE Power Thurso,AMTE Power,LionVolt (acquired assets January 2024),United Kingdom,Europe,,,operational,,,0.1,2023,,,"lithium-ion, sodium-ion (mixed; high-power Li-ion and Na-ion)",cylindrical,mixed,,https://www.pv-magazine.com/2024/01/31/dutch-solid-state-battery-maker-acquires-scottish-factory/,2024-01-31,0.7,true,
agratas-agratas-somerset-gigafactory-gravity-smart-campus-bridgwater-uk,"Agratas Somerset Gigafactory (Gravity Smart Campus, Bridgwater)",Agratas,Tata Group,UK,Europe,,,under_construction,2024,2027,40.0,2030,,,mixed (NMC and LFP),,EV,,https://www.electrive.com/2025/02/14/tata-groups-uk-battery-cell-plant-to-open-in-2026/,2026-07-19,0.9,true,
altris-altris-sandviken-ferrum-sweden,Altris Sandviken (Ferrum),Altris,Altris AB,Sweden,Europe,,,operational,2022,2023,,,,,sodium-ion (Prussian White / Fennac cathode),,ESS,,https://www.greencarcongress.com/2022/05/20220507-altris.html,2026-07-18,0.55,false,
automotive-cells-company-acc-kaiserslautern-gigafactory-germany,ACC Kaiserslautern gigafactory,Automotive Cells Company,"Automotive Cells Company (JV of Stellantis, Mercedes-Benz, TotalEnergies/Saft)",Germany,Europe,,,announced,2021,,40.0,2030,"{""2025"":13.4,""2030"":40}",,NMC (lithium-ion); LFP was under consideration before cancellation,pouch,EV,"Stellantis, Mercedes-Benz, TotalEnergies (Saft)",https://www.euronews.com/business/2026/02/07/stellantis-backed-acc-shelves-plans-to-open-battery-gigafactories-in-italy-and-germany,2026-02-07,0.75,true,
automotive-cells-company-acc-termoli-italy,ACC Termoli,Automotive Cells Company,"Automotive Cells Company (JV of Stellantis, Mercedes-Benz and TotalEnergies/Saft)",Italy,Europe,,,announced,2021,,40.0,2030,,,NMC,,EV,"Stellantis, Mercedes-Benz, TotalEnergies (Saft)",https://www.euronews.com/business/2026/02/07/stellantis-backed-acc-shelves-plans-to-open-battery-gigafactories-in-italy-and-germany,2026-02-07,0.85,true,
automotive-cells-company-acc-acc-billy-berclau-douvrin-gigafactory-france,ACC Billy-Berclau/Douvrin Gigafactory,Automotive Cells Company (ACC),"Automotive Cells Company (JV of Stellantis, Mercedes-Benz and TotalEnergies/Saft)",France,Europe,,,operational,2020,2023,40.0,2030,"{""2023"":13,""2030"":40}",,NMC,pouch,EV,"Stellantis, Mercedes-Benz, TotalEnergies",https://www.stellantis.com/en/news/press-releases/2023/may/stellantis-electrification-transition-in-full-swing-with-first-acc-battery-gigafactory-inaugurated-in-france,2023-05-30,0.85,true,
basquevolt-basquevolt-vitoria-gasteiz-spain,Basquevolt Vitoria-Gasteiz,Basquevolt,,Spain,Europe,,,operational,2022,2025,10.0,2027,"{""2025"":1,""2027"":10}",,solid-state (lithium-metal),,mixed,"Iberdrola, CIE Automotive, Enagas, EIT InnoEnergy, CIC energiGUNE",https://basquevolt.com/en/news/news/basquevolt-basque-solid-state-battery-initiative-stars-up-produce-10gwh-2027,2026-05-22,0.6,true,
beyonder-as-beyonder-battery-center-forus-sandnes-norway,Beyonder Battery Center (Forus/Sandnes),Beyonder AS,Beyonder AS,Norway,Europe,,,operational,2016,,,,,,"LFP (high-power lithium-ion capacitor hybrid, sawdust-derived activated carbon)",cylindrical,mixed,,https://www.beyonder.no/facilities,2026-07-18,0.5,true,
blackstone-technology-gmbh-blackstone-resources-d-beln-blackstone-technology-gmbh-germany,Blackstone Resources Döbeln (Blackstone Technology GmbH),Blackstone Technology GmbH,Blackstone Resources AG,Germany,Europe,,,,2020,2021,5.0,2024,"{""2021"":0.05,""2022"":0.5}",,LFP (3D-printed electrodes); solid-state R&D,,mixed,,https://www.electrive.com/2024/01/15/blackstone-technology-will-be-dismantled/,2026-07-18,0.55,true,
blue-solutions-blue-solutions-quimper-ergu-gab-ric-odet-mother-plant-france,Blue Solutions Quimper (Ergué-Gabéric / Odet mother plant),Blue Solutions,Bolloré Group,France,Europe,,,operational,,2013,1.5,2025,"{""2024"":0.5,""2025"":1.5}",,"solid-state lithium-metal (Lithium Metal Polymer, LMP)",,mixed,,https://franceforbatteries.fr/blue-solutions/,2026-07-18,0.7,true,
britishvolt-britishvolt-blyth-cambois-gigafactory-united-kingdom,Britishvolt Blyth (Cambois) Gigafactory,Britishvolt,Britishvolt Ltd,United Kingdom,Europe,,,under_construction,2020,,30.0,2028,,,"lithium-ion (NMC, EV automotive)",,EV,,https://www.edie.net/britishvolt-falls-into-administration-jeapordising-plans-for-gigafactory-in-blyth/,2023-01-17,0.8,true,
calb-calb-sines-portugal,CALB Sines,CALB,"CALB Group Co., Ltd. (China Aviation Lithium Battery)",Portugal,Europe,,,under_construction,2022,2027,45.0,2028,"{""2027"":15,""2028"":45}","[{""year"": 2025, ""cumulative_gwh"": 15, ""added_gwh"": null, ""basis"": ""announced_target"", ""event"": ""Groundbreaking ceremony at Sines (Zona Industrial e Logistica de Sines) on 24 Feb 2025, attended by Portugal's Economy Minister. Phase 1 nameplate target stated as 15 GWh/yr; EUR 2.065bn investment; completion targeted 2028. Under construction, no capacity online."", ""source_url"": ""https://news.metal.com/newscontent/103202877-calbs-portugal-battery-factory-breaks-ground-expected-full-operation-by-2028"", ""source_date"": ""2025-02-25""}, {""year"": 2028, ""cumulative_gwh"": 15, ""added_gwh"": null, ""basis"": ""planned"", ""event"": ""Phase 1 (~62,000 sqm across ~17 ha) targeted for completion within 22 months of the Jan 2026 contract, i.e. ~July 2028, at 15 GWh/yr nameplate. Still planned/under construction as of source date."", ""source_url"": ""https://www.ess-news.com/2026/01/28/portugal-signs-off-e350-million-incentives-for-calbs-e2-07-billion-sines-battery-plant/"", ""source_date"": ""2026-01-28""}, {""year"": 2028, ""cumulative_gwh"": 45, ""added_gwh"": 30, ""basis"": ""planned"", ""event"": ""Phase 2 expansion planned from 2028 to occupy the full ~100 ha site and raise capacity from 15 to 45 GWh/yr. This is the source of the ~45 GWh figure in the current single-point record; it is a future expansion target, not online capacity."", ""source_url"": ""https://www.ess-news.com/2026/01/28/portugal-signs-off-e350-million-incentives-for-calbs-e2-07-billion-sines-battery-plant/"", ""source_date"": ""2026-01-28""}]",mixed (NMC and LFP),,mixed,,https://www.ess-news.com/2026/01/28/portugal-signs-off-e350-million-incentives-for-calbs-e2-07-billion-sines-battery-plant/,2026-01-28,0.8,true,true
catl-catl-debrecen-hungary,CATL Debrecen,CATL,Contemporary Amperex Technology Co. Limited (CATL),Hungary,Europe,,,under_construction,2022,2026,100.0,2026,"{""2026"":40}","[{""year"": 2022, ""cumulative_gwh"": 100, ""added_gwh"": null, ""basis"": ""announced_target"", ""event"": ""CATL announces its 2nd European plant in Debrecen: EUR 7.34bn investment, full-site nameplate target 100 GWh/yr, construction of first facilities to start in 2022, build period not exceeding 64 months. No capacity online yet."", ""source_url"": ""https://electrek.co/2022/08/12/catl-announces-giant-new-100-gwh-battery-plant-hungary/"", ""source_date"": ""2022-08-12""}, {""year"": 2026, ""cumulative_gwh"": 40, ""added_gwh"": null, ""basis"": ""planned"", ""event"": ""Phase 1 cell factory = 40 GWh/yr, reported construction complete and machines installed, capacity fully booked by clients; series cell production targeted for March/April 2026. Full site to reach 100 GWh in later phases. Still a target - cells not yet in production at this date."", ""source_url"": ""https://www.debrecensun.hu/local/2025/12/04/catl-to-launch-battery-cell-production-in-debrecen-as-its-european-expansion-accelerates/"", ""source_date"": ""2025-12-04""}, {""year"": 2026, ""cumulative_gwh"": 0, ""added_gwh"": null, ""basis"": ""operational"", ""event"": ""As of June 2026 CATL is still sourcing battery cells from its Chinese plants because cell production in Debrecen has NOT begun (project several months behind schedule; awaiting final permits before test then series production). Confirmed operational CELL capacity = 0 GWh. Only a ~5 GWh module/pack assembly line is running on-site (out of cell scope)."", ""source_url"": ""https://www.electrive.com/2026/06/23/catl-sources-battery-components-from-china-instead-of-debrecen/"", ""source_date"": ""2026-06-23""}]",NMC (also NCA for some customers),prismatic,EV,,https://www.electrive.com/2025/12/05/hungarian-catl-factory-to-open-in-spring/,2026-07-19,0.8,true,true
catl-contemporary-amperex-technology-thuringia-gmbh-catl-thuringia-arnstadt-erfurter-kreuz-germany,CATL Thuringia (Arnstadt / Erfurter Kreuz),CATL (Contemporary Amperex Technology Thuringia GmbH),Contemporary Amperex Technology Co. Limited (CATL),Germany,Europe,50.878,10.945,operational,2018,2022,14.0,2023,"{""2023"":8,""2024"":14}",,NMC,prismatic,EV,,https://www.catl.com/en/news/1046.html,2022-12-22,0.8,true,
catl-stellantis-jv-catl-stellantis-zaragoza-figueruelas-gigafactory-spain,CATL-Stellantis Zaragoza (Figueruelas) Gigafactory,CATL-Stellantis JV,CATL / Stellantis (50-50 JV),Spain,Europe,41.7529,-1.1758,under_construction,2024,2026,50.0,2030,,"[{""year"": 2024, ""cumulative_gwh"": 50, ""added_gwh"": null, ""basis"": ""announced_target"", ""event"": ""50:50 CATL-Stellantis JV announced (up to €4.1bn) to build an LFP cell/module gigafactory at Stellantis' Figueruelas (Zaragoza) site; 'up to 50 GWh' nameplate targeted, to be built in several phases; production targeted by end of 2026. Nothing online."", ""source_url"": ""https://www.stellantis.com/en/news/press-releases/2024/december/stellantis-and-calt-to-invest-up-to-4-1-billion-in-joint-venture-for-large-scale-lfp-battery-plant-in-spain"", ""source_date"": ""2024-12-10""}, {""year"": 2025, ""cumulative_gwh"": 50, ""added_gwh"": null, ""basis"": ""planned"", ""event"": ""Groundbreaking / construction start of the JV (branded 'Contemporary Star Energy'); still targeting up to 50 GWh LFP; construction expected to conclude by March 2028. No capacity yet online (site under construction)."", ""source_url"": ""https://www.catl.com/en/news/6614.html"", ""source_date"": ""2025-11-26""}]",LFP,,EV,"CATL, Stellantis",https://www.catl.com/en/news/6614.html,2025-11-26,0.85,true,true
cellforce-group-cellforce-kirchentellinsfurt-germany,Cellforce Kirchentellinsfurt,Cellforce Group,Porsche AG,Germany,Europe,48.532,9.141,operational,2021,2024,1.0,2024,,,NMC (silicon anode),pouch,EV,"Porsche, CUSTOMCELLS",https://newsroom.porsche.com/en/2025/company/porsche-cellforce-group-focusing-battery-activities-40344.html,2025-08-25,0.6,true,
customcells-customcells-t-bingen-germany,Customcells Tübingen,CustomCells,CustomCells Holding GmbH (Abacon-led consortium following 2025 insolvency restructuring),Germany,Europe,,,operational,,,,,,,"lithium-ion (specialty / high-performance, incl. silicon-anode)",mixed,mixed,,https://www.electrive.com/2025/04/30/battery-cell-manufacturer-customcells-files-for-insolvency/,2026-07-18,0.55,true,
customcells-customcells-itzehoe-germany,Customcells Itzehoe,Customcells,"Consortium of family offices led by ABACON Capital and SALVIA (acquired out of insolvency, July 2025)",Germany,Europe,,,operational,,,,,,,lithium-ion (including silicon-anode high-performance cells),mixed,mixed,,https://www.electrive.com/2025/07/03/customcells-secures-a-fresh-start-after-insolvency/,2025-07-03,0.6,true,
elevenes-elevenes-subotica-serbia,ElevenES Subotica,ElevenEs,,Serbia,Europe,,,operational,2021,2023,0.5,2024,"{""2024"":0.5}",,LFP,prismatic,mixed,,https://balkangreenenergynews.com/elevenes-completes-europes-first-lfp-battery-cell-factory/,2023-04-25,0.75,true,
elinor-batteries-elinor-batteries-gigafactory-eiktyr-industrial-park-orkland-norway,"Elinor Batteries Gigafactory (Eiktyr Industrial Park, Orkland)",Elinor Batteries,Valinor,Norway,Europe,,,announced,2023,,40.0,2030,,,LFP,,mixed,,https://valinor.no/en/investments/elinor-batteries/,2026-07-18,0.6,true,
eni-storage-systems-eni-storage-systems-gigafactory-brindisi-italy,Eni Storage Systems Gigafactory (Brindisi),Eni Storage Systems,Eni,Italy,Europe,,,under_construction,,,8.0,2030,,,LFP,,ESS,"Eni Industrial Evolution, FIB (Seri Industrial)",https://www.eni.com/en-IT/media/press-release/2026/07/eni-storage-systems-breaks-ground-stationary-battery-manufacturing-plant-brindisi.html,2026-07-06,0.82,true,
envision-aesc-envision-aesc-douai-france,Envision AESC Douai,Envision AESC,Envision Group,France,Europe,,,operational,2021,2025,24.0,2030,"{""2025"":10,""2030"":24}",,NMC,pouch,EV,,https://www.electrive.com/2025/06/10/aesc-kicks-off-battery-production-at-douai-gigafactory/,2026-07-19,0.82,true,
envision-aesc-envision-aesc-sunderland-gigafactory-united-kingdom,Envision AESC Sunderland Gigafactory,Envision AESC,Envision Group,United Kingdom,Europe,,,operational,2021,2025,15.8,2025,,,NMC,pouch,EV,,https://www.electrive.com/2025/12/17/aesc-opens-gigafactory-in-sunderland/,2025-12-17,0.85,true,
faam-faam-teverola-teverola-1-teverola-2-gigafactory-italy,FAAM Teverola (Teverola 1 & Teverola 2 gigafactory),FAAM,Seri Industrial S.p.A.,Italy,Europe,,,under_construction,,2027,8.0,2027,,,LFP,prismatic,ESS,,https://battery-news.de/en/2025/05/21/lead-to-supply-equipment-for-battery-production-to-faam/,2025-05-21,0.7,true,
freyr-battery-freyr-giga-arctic-mo-i-rana-norway,FREYR Giga Arctic (Mo i Rana),FREYR Battery,T1 Energy Inc. (formerly FREYR Battery),Norway,Europe,66.31,14.14,under_construction,2021,,29.0,2024,,,LFP (24M SemiSolid),,mixed,,https://www.highnorthnews.com/en/freyr-stops-battery-production-and-lays-employees,2026-07-18,0.62,true,
ford-otosan-ford-lg-kocaeli-ford-lg-energy-solution-ko-holding-battery-cell-jv-cancelled-turkey,Ford-LG Kocaeli (Ford / LG Energy Solution / Koç Holding battery cell JV — cancelled),Ford Otosan,Koç Holding / Ford Motor Company,Turkey,Europe,,,,2023,,25.0,2026,,,,,EV,"Ford Motor Company, LG Energy Solution, Koç Holding",https://www.kedglobal.com/batteries/newsView/ked202311120001,2023-11-12,0.4,true,
gotion-inobat-batteries-gib-energyx-slovakia-inobat-urany-gib-energyx-slovakia-gigafactory-slovakia,InoBat Šurany (GIB EnergyX Slovakia Gigafactory),Gotion InoBat Batteries (GIB) EnergyX Slovakia,Gotion High-Tech,Slovakia,Europe,,,under_construction,2024,2027,20.0,2027,,,LFP,,EV,"Gotion High-Tech, InoBat",https://www.electrive.com/2025/10/31/gotion-kicks-off-factory-construction-in-slovakia/,2025-10-31,0.85,true,
hithium-hithium-navarra-spain,Hithium Navarra,Hithium,Xiamen Hithium Energy Storage Technology Co.,Spain,Europe,,,announced,2026,2027,,,,,LFP,prismatic,ESS,Government of Navarre (via SODENA),https://www.energy-storage.news/hithium-signs-e400-million-spain-battery-gigafactory-investment-agreement-after-two-year-courtship/,2026-03-11,0.6,true,
inobat-inobat-uprija-project-lion-serbia,InoBat Ćuprija (Project Lion),InoBat,InoBat Auto,Serbia,Europe,,,announced,2022,2025,32.0,2024,"{""2025"":4}",,,,mixed,,https://truckandbusbuilder.com/article/2024/01/09/inobat-confirms-eur-419-million-from-the-serbian-government-for-the-construction-of-its-second-gigafactory-in-cuprija,2024-01-09,0.55,true,
italvolt-italvolt-scarmagno-gigafactory-italy,Italvolt Scarmagno Gigafactory,Italvolt,Italvolt S.p.A. (founder Lars Carlström),Italy,Europe,45.4,7.83,announced,2021,,45.0,2024,,"[{""year"": 2021, ""cumulative_gwh"": 45, ""added_gwh"": null, ""basis"": ""announced_target"", ""event"": ""Italvolt announces 45 GWh/yr cell gigafactory on the former Olivetti site at Scarmagno (Piedmont), with a stated potential later expansion to 70 GWh/yr; production targeted for 2024. Never reached operation."", ""source_url"": ""https://www.electrive.com/2021/02/16/italvolt-to-set-up-45-gwh-cell-production-in-italy/"", ""source_date"": ""2021-02-16""}]","NMC (lithium-ion, planned silicon anode / XFC)",mixed,mixed,,https://battery-news.de/en/2024/01/19/italvolt-gigafactory-in-danger-of-failing/,2024-01-19,0.75,true,true
lg-energy-solution-lg-energy-solution-wroc-aw-poland,LG Energy Solution Wrocław,LG Energy Solution,LG Energy Solution (LG Group),Poland,Europe,51.006,16.955,operational,2016,2018,86.0,2024,,"[{""year"": 2020, ""cumulative_gwh"": 35, ""added_gwh"": null, ""basis"": ""operational"", ""event"": ""Existing/initial annual capacity of the Wrocaw (Biskupice Podgrne) plant stated as 'over 35 GWh' at the time the EIB EUR480m expansion loan was signed; production had begun H2 2017 and ramped through 2018. This 35 GWh is repeatedly cited as the plant's initial nameplate."", ""source_url"": ""https://www.electrive.com/2020/04/24/lg-chem-secures-ehalf-a-billion-for-polish-factory-expansion/"", ""source_date"": ""2020-04-24""}, {""year"": 2022, ""cumulative_gwh"": 65, ""added_gwh"": null, ""basis"": ""commissioned"", ""event"": ""European Commission State aid decision states the new investment programme 'enabled the company to ramp up its battery capacity output to ca. 65 GWh', making it one of the largest Li-ion cell factories in the world. Official/dated figure."", ""source_url"": ""https://eur-lex.europa.eu/legal-content/EN/TXT/PDF/?uri=OJ%3AL_202402710"", ""source_date"": ""2022-03-18""}, {""year"": 2023, ""cumulative_gwh"": 86, ""added_gwh"": null, ""basis"": ""operational"", ""event"": ""LG Energy Solution / trade press describe Wrocaw as Europe's largest battery plant with annual capacity of approximately 86 GWh as of 2023. NOTE: conflicts with a Dec-2024 LGES source that cites 70 GWh current capacity (see notes); treated as lower confidence."", ""source_url"": ""https://inside.lgensol.com/en/2023/09/world-battery-tour-with-lg-energy-solution-poland-part-1/"", ""source_date"": ""2023-09-01""}, {""year"": 2025, ""cumulative_gwh"": 115, ""added_gwh"": null, ""basis"": ""announced_target"", ""event"": ""Announced target to raise Wrocaw annual capacity from 70 GWh to 115 GWh by end-2025 (a separate 'stage IV' framing cites a 100 GWh target). Future/planned, not online."", ""source_url"": ""https://inside.lgensol.com/en/2024/12/time-for-ask-anything-to-lg-energy-solution-revitalization-of-wroclaw-poland/"", ""source_date"": ""2024-12-01""}]",NMC (EV cells); LFP (ESS cells),pouch,mixed,,https://lgensol.pl/en/get-know-us/,2026-07-19,0.82,true,true
leclanch-leclanch-willst-tt-germany,Leclanché Willstätt,Leclanché,Leclanché SA,Germany,Europe,48.5333,7.8833,operational,2025,2012,2.0,2026,,,"mixed (Li-ion pouch; NMC, LFP, LTO, plus niobium-oxide and other PFAS-free electrode chemistries)",pouch,mixed,,https://www.leclanche.com/leclanche-and-cinea-sign-e74-2-million-grant-agreement-to-support-sustainable-battery-production-in-europe/,2026-07-18,0.7,true,
liacon-liacon-itzehoe-germany,Liacon Itzehoe,Liacon,TRION Battery GmbH,Germany,Europe,,,operational,,,,,,,LTO (lithium titanate); company later shifted to LFP,pouch,ESS,,https://battery-tech.net/company/liacon-gmbh/,2026-07-18,0.35,false,
lyten-formerly-northvolt-northvolt-ett-skellefte-sweden,Northvolt Ett Skellefteå,Lyten (formerly Northvolt),"Lyten, Inc.",Sweden,Europe,,,operational,2017,2021,60.0,2026,"{""2025"":16}","[{""year"": 2019, ""cumulative_gwh"": 16, ""added_gwh"": null, ""basis"": ""planned"", ""event"": ""Construction begins (Oct 2019); initial facility planned at 16 GWh/yr (two 8 GWh blocks), with intent to expand to at least 32 GWh."", ""source_url"": ""https://www.pv-magazine.com/2019/06/13/northvolt-secures-1bn-for-battery-gigafactory-in-sweden/"", ""source_date"": ""2019-06-13""}, {""year"": 2021, ""cumulative_gwh"": 60, ""added_gwh"": null, ""basis"": ""announced_target"", ""event"": ""Northvolt raises $2.75bn equity; announces expansion of the Skellefteå gigafactory's planned annual capacity to 60 GWh/yr (up from ~40 GWh)."", ""source_url"": ""https://www.pv-magazine.com/2021/06/09/northvolt-gets-cash-boost-to-expand-capacity-of-swedish-gigafactory-to-60-gwh/"", ""source_date"": ""2021-06-09""}, {""year"": 2021, ""cumulative_gwh"": 16, ""added_gwh"": null, ""basis"": ""commissioned"", ""event"": ""First lithium-ion cell assembled at Northvolt Ett on 28 Dec 2021; first production block being commissioned (first-phase nameplate 16 GWh/yr). Actual output negligible at this point."", ""source_url"": ""https://northvolt.com/articles/first-cell/"", ""source_date"": ""2021-12-28""}, {""year"": 2024, ""cumulative_gwh"": 60, ""added_gwh"": null, ""basis"": ""announced_target"", ""event"": ""EIB provides >$1bn as part of $5bn project financing; plan described as expanding annual output to up to 60 GWh/yr, comprising a 42 GWh vertically-integrated cell facility plus cathode and recycling. Target, not online."", ""source_url"": ""https://www.eib.org/en/press/all/2024-011-eib-finances-northvolt-s-battery-factory-with-over-usd1-billion"", ""source_date"": ""2024-01-23""}, {""year"": 2024, ""cumulative_gwh"": 16, ""added_gwh"": null, ""basis"": ""operational"", ""event"": ""On 23 Sept 2024 Northvolt suspends the second cell fab / expansion and cuts 1,600 jobs, refocusing on ramping the existing first fab to its 16 GWh/yr nameplate. Northvolt files Chapter 11 on 21 Nov 2024. Online nameplate remains ~16 GWh (actual production far below)."", ""source_url"": ""https://www.ess-news.com/2024/09/24/northvolt-announces-1600-redundancies-in-sweden/"", ""source_date"": ""2024-09-24""}, {""year"": 2026, ""cumulative_gwh"": 16, ""added_gwh"": null, ""basis"": ""operational"", ""event"": ""Lyten completes acquisition of Northvolt Sweden (26 Feb 2026): ~16 GWh/yr operational cell capacity at Northvolt Ett, plus >15 GWh under construction; site infrastructure stated to be scalable beyond 100 GWh."", ""source_url"": ""https://electriccarsreport.com/2026/02/lyten-acquires-northvolt-sweden-assets-forms-16-gwh-battery-ai-industrial-hub/"", ""source_date"": ""2026-02-26""}]",NMC,prismatic,mixed,,https://lyten.com/2026/02/26/lyten-completes-acquisition-of-northvolt-sweden-and-establishes-its-first-lyten-industrial-hub-in-sweden/,2026-02-26,0.8,true,true
morrow-batteries-morrow-cell-factory-mcf-1-arendal-norway,"Morrow Cell Factory (MCF-1), Arendal",Morrow Batteries,Morrow Batteries ASA,Norway,Europe,,,operational,,2024,1.0,2024,,,LFP,prismatic,ESS,,https://www.electrive.com/2026/05/11/norwegian-cell-manufacturer-morrow-batteries-files-for-insolvency/,2026-05-11,0.9,true,
northvolt-northvolt-drei-germany,Northvolt Drei,Northvolt,Lyten,Germany,Europe,,,under_construction,2022,,60.0,2029,,"[{""year"": 2022, ""cumulative_gwh"": 60, ""added_gwh"": null, ""basis"": ""announced_target"", ""event"": ""Northvolt announces 'Northvolt Drei' third gigafactory in Heide: 60 GWh/yr nameplate planned, first cell production targeted for late 2025. Nothing built."", ""source_url"": ""https://northvolt.com/articles/northvolt-drei/"", ""source_date"": ""2022-03-15""}, {""year"": 2024, ""cumulative_gwh"": 60, ""added_gwh"": null, ""basis"": ""announced_target"", ""event"": ""Groundbreaking / start of construction (25 March 2024). 60 GWh/yr nameplate reaffirmed; production start pushed to 2026, full capacity targeted by 2029. Site-preparation/piling only — 0 GWh online."", ""source_url"": ""https://www.pv-magazine.com/2024/03/27/northvolt-breaks-ground-on-60-gwh-gigafactory-in-germany/"", ""source_date"": ""2024-03-27""}, {""year"": 2025, ""cumulative_gwh"": 0, ""added_gwh"": null, ""basis"": ""operational"", ""event"": ""Northvolt AB bankrupt (US Chapter 11 21 Nov 2024; Sweden 12 Mar 2025). Heide construction stalled at prepared-site stage; no cell production line commissioned — 0 GWh operational."", ""source_url"": ""https://www.electrive.com/2025/03/12/northvolt-ab-files-for-bankruptcy-in-sweden/"", ""source_date"": ""2025-03-12""}, {""year"": 2026, ""cumulative_gwh"": 15, ""added_gwh"": null, ""basis"": ""planned"", ""event"": ""US firm Lyten (buyer of the site, deal approved Sep 2025) plans a scaled-back, phased factory of roughly 15 GWh initial capacity and ~1,000 jobs. First partial construction permit (Federal Immission Control Act) issued April 2026; still no cells produced — 0 GWh online."", ""source_url"": ""https://www.electrive.com/2026/04/10/partial-permit-for-heide-plant-as-lyten-northvolt-repays-millions/"", ""source_date"": ""2026-04-10""}]",NMC,prismatic,EV,,https://www.electrive.com/2026/06/22/lyten-to-pay-e60-million-for-northvolt-site-in-heide/,2026-06-22,0.7,true,true
nyobolt-nyobolt-sunderland-united-kingdom,Nyobolt Sunderland,Nyobolt,Nyobolt Limited,United Kingdom,Europe,,,,,,,,,,fast-charging lithium-ion (niobium/tungsten-oxide XNO anode),,mixed,,https://www.businesswire.com/news/home/20260506592809/en/Nyobolt-Closes-Series-C-Round-at-%241B-Valuation-to-Power-the-Rise-of-Autonomous-Machines-Physical-AI-Applications-and-AI-Data-Centers,2026-05-06,0.1,true,
pomega-energy-storage-technologies-pomega-gigafactory-polatl-ankara-turkey,"Pomega Gigafactory (Polatlı, Ankara)",Pomega Energy Storage Technologies,Kontrolmatik Technologies,Turkey,Europe,,,operational,2022,2023,3.0,2023,,,LFP,prismatic,ESS,Our Next Energy (ONE) - offtake/production partnership,https://tr.pomega.com/en/about-us,2026-07-18,0.55,true,
powerco-powerco-sagunto-gigafactory-valencia-spain,PowerCo Sagunto (Gigafactory Valencia),PowerCo,Volkswagen Group,Spain,Europe,39.68,-0.24,under_construction,2022,2027,40.0,2028,"{""2027"":20,""2028"":40}",,mixed (Unified Cell: LFP and NMC),prismatic,EV,,https://www.electrive.com/2025/10/28/powerco-battery-production-in-spain-scheduled-to-start-in-july-2027/,2025-10-28,0.8,true,
powerco-powerco-salzgitter-gigafactory-germany,PowerCo Salzgitter Gigafactory,PowerCo,Volkswagen Group,Germany,Europe,52.157,10.362,operational,2022,2025,20.0,2026,,,NMC,prismatic,EV,,https://www.electrive.com/2025/12/17/powerco-starts-unified-cell-production-in-salzgitter/,2026-07-19,0.9,true,
prologium-prologium-dunkirk-gigafactory-france,ProLogium Dunkirk Gigafactory,ProLogium,"ProLogium Technology Co., Ltd",France,Europe,,,under_construction,2023,2028,12.0,2032,"{""2028"":0.8,""2030"":4,""2032"":12}",,solid-state (all-inorganic lithium ceramic),,EV,,https://www.globenewswire.com/news-release/2026/02/10/3235764/0/en/ProLogium-Breaks-Ground-on-Dunkirk-Gigafactory-in-France.html,2026-02-10,0.9,true,
sk-on-sk-on-iv-ncsa-hungary,SK On Iváncsa,SK On,SK Innovation,Hungary,Europe,47.083,18.75,operational,2021,2024,30.0,2024,,,NMC,pouch,EV,,https://battery-tech.net/company/sk-on-hungary/,2026-07-19,0.82,true,
sk-on-sk-on-kom-rom-hungary,SK On Komárom,SK On,SK Innovation (SK Group),Hungary,Europe,47.74,18.12,operational,2018,2020,17.0,2024,"{""2020"":7.5,""2022"":17}",,NMC (NCM 811),pouch,EV,,https://www.businesskorea.co.kr/news/articleView.html?idxno=267322,2026-07-19,0.8,true,
samsung-sdi-samsung-sdi-g-d-hungary,Samsung SDI Göd,Samsung SDI,Samsung SDI,Hungary,Europe,,,operational,2016,2017,60.0,2026,"{""2025"":40,""2026"":60}","[{""year"": 2021, ""cumulative_gwh"": 30, ""added_gwh"": null, ""basis"": ""operational"", ""event"": ""Göd site (first + second plant) reported at ~30 GWh/yr annual capacity; article says it is expected to reach 'over 40 GWh' in future."", ""source_url"": ""https://www.electrive.com/2021/02/24/samsung-sdi-expands-battery-production-in-hungary/"", ""source_date"": ""2021-02-24""}, {""year"": 2022, ""cumulative_gwh"": 40, ""added_gwh"": null, ""basis"": ""operational"", ""event"": ""Second plant reached full production (>6 million cells/month) by January 2022; phase-2 build-out complete, bringing the combined Göd site to ~40 GWh/yr."", ""source_url"": ""https://www.kedglobal.com/batteries/newsView/ked202303020024"", ""source_date"": ""2023-03-02""}, {""year"": 2025, ""cumulative_gwh"": 40, ""added_gwh"": null, ""basis"": ""operational"", ""event"": ""Site described as currently ~40 GWh/yr (enough for ~600,000 mid-size EVs) at the time of the announced renovation/expansion for prismatic stacked cells."", ""source_url"": ""https://www.electrive.com/2025/05/27/samsung-sdi-paves-way-for-prismatic-batteries-at-hungary-plant/"", ""source_date"": ""2025-05-27""}, {""year"": 2026, ""cumulative_gwh"": 60, ""added_gwh"": null, ""basis"": ""announced_target"", ""event"": ""Announced expansion/renovation: convert first plant from wound to high-energy-density stacked cells and expand second plant, lifting total site capacity to ~60 GWh/yr (NCA stacked prismatic cells for Hyundai/Kia from 2026). Target, not yet online."", ""source_url"": ""https://www.electrive.com/2025/05/27/samsung-sdi-paves-way-for-prismatic-batteries-at-hungary-plant/"", ""source_date"": ""2025-05-27""}]","NCA (high-nickel, prismatic; P6 stacked cells ~91% Ni with silicon anode)",prismatic,EV,,https://battery-news.de/en/2025/06/03/samsung-sdi-invests-in-renovation-and-expansion-of-its-hungary-plant/,2026-07-19,0.8,true,true
siro-siro-gemlik-turkey,Siro Gemlik,Siro,Togg / Farasis Energy joint venture,Turkey,Europe,,,under_construction,2023,2026,20.0,2031,,,NMC,pouch,mixed,"Togg, Farasis Energy",https://www.greencarcongress.com/2023/04/20230426-siro.html,2023-04-26,0.7,true,
tesla-tesla-gigafactory-berlin-brandenburg-gr-nheide-germany,Tesla Gigafactory Berlin-Brandenburg (Grünheide),Tesla,"Tesla, Inc.",Germany,Europe,52.3958,13.7885,under_construction,2021,2027,18.0,2027,,,"NMC (high-nickel, 4680)",cylindrical,EV,,https://www.electrive.com/2026/05/13/tesla-expands-grunheide-battery-cell-plans-to-18-gwh-annually/,2026-05-13,0.75,true,
tiamat-tiamat-amiens-boves-sodium-ion-gigafactory-france,Tiamat Amiens (Boves) sodium-ion gigafactory,Tiamat,Tiamat Energy,France,Europe,49.83,2.4,under_construction,2024,2026,5.0,2030,"{""2026"":0.7,""2030"":5}",,sodium-ion,cylindrical,mixed,,https://www.pv-magazine.fr/2025/04/24/batteries-sodium-ion-tiamat-et-rte-lancent-une-consultation-pour-le-projet-dusine-de-production-a-amiens/,2025-04-24,0.6,true,
verkor-verkor-gigafactory-bourbourg-dunkirk-france,"Verkor Gigafactory (Bourbourg, Dunkirk)",Verkor,Verkor,France,Europe,,,operational,2022,2025,50.0,2030,"{""2026"":16,""2030"":50}","[{""year"": 2025, ""cumulative_gwh"": 16, ""added_gwh"": 16, ""basis"": ""announced_target"", ""event"": ""March 2022: Verkor selects Bourbourg (Dunkirk) for its first gigafactory; phase-1 capacity of 16 GWh/yr targeted for 2025, designed to expand to 50 GWh/yr by 2030. Site chosen from ~40 candidates across France, Spain and Italy."", ""source_url"": ""https://www.greencarcongress.com/2022/02/20220206-verkor.html"", ""source_date"": ""2022-02-06""}, {""year"": 2023, ""cumulative_gwh"": 0, ""added_gwh"": null, ""basis"": ""planned"", ""event"": ""November 2023: construction begins on the 16 GWh/yr phase-1 gigafactory (foundation stone laid). Nothing yet online."", ""source_url"": ""https://www.electrive.com/2025/12/15/verkor-opens-16-gwh-battery-cell-factory-in-dunkirk/"", ""source_date"": ""2025-12-15""}, {""year"": 2025, ""cumulative_gwh"": 16, ""added_gwh"": 16, ""basis"": ""commissioned"", ""event"": ""11 December 2025: gigafactory inaugurated (under patronage of President Macron) with an initial nameplate capacity of 16 GWh/yr; marks transition to industrial production. First cells to equip the Alpine A390 from 2026; full 16 GWh ramp expected 2026-2027."", ""source_url"": ""https://www.electrive.com/2025/12/15/verkor-opens-16-gwh-battery-cell-factory-in-dunkirk/"", ""source_date"": ""2025-12-15""}, {""year"": 2030, ""cumulative_gwh"": 50, ""added_gwh"": null, ""basis"": ""announced_target"", ""event"": ""Target reaffirmed at inauguration: scale the site to 50 GWh/yr by 2030 (up from the 16 GWh phase-1). Increment (34 GWh) not stated explicitly as a single phase."", ""source_url"": ""https://www.electrive.com/2025/12/15/verkor-opens-16-gwh-battery-cell-factory-in-dunkirk/"", ""source_date"": ""2025-12-15""}]",NMC,pouch,EV,,https://www.electrive.com/2025/12/15/verkor-opens-16-gwh-battery-cell-factory-in-dunkirk/,2026-07-19,0.9,true,true
volklec-volklec-coventry-united-kingdom,Volklec Coventry,Volklec,Volklec Ltd,United Kingdom,Europe,,,under_construction,2025,2025,10.0,2030,"{""2025"":0.1,""2026"":1,""2030"":10}",,NMC,cylindrical,mixed,Far East Battery (FEB),https://www.bestmag.co.uk/uk-startup-volklec-secures-licensed-chinese-tech-to-manufacture-ev-batteries-in-uk-and-plans-10gwh-gigafactory/,2025-03-03,0.6,true,
yi-i-t-ak-ganfeng-lienergy-jv-yi-i-t-ak-ganfeng-gigafactory-turkey,YİĞİT AKÜ-Ganfeng gigafactory,YİĞİT AKÜ-Ganfeng LiEnergy JV,Ganfeng Lithium / Yiğit Akü,Turkey,Europe,,,announced,2024,2025,5.0,2025,,,LFP,prismatic,ESS,"Ganfeng Lithium (Ganfeng LiEnergy), Yiğit Akü",https://cnevpost.com/2024/08/16/ganfeng-plans-usd-500-m-battery-plant-turkey/,2024-08-16,0.6,true,
acc-energy-storage-pvt-ltd-rajesh-exports-rajesh-exports-dharwad-cell-factory-india,Rajesh Exports Dharwad Cell Factory,ACC Energy Storage Pvt Ltd (Rajesh Exports),Rajesh Exports Limited,India,India,,,announced,2022,,5.0,2023,,,lithium-ion (unspecified),,EV,,https://www.business-standard.com/amp/companies/news/rajesh-exports-may-get-dropped-from-pli-scheme-final-decision-in-days-126060700488_1.html,2026-06-07,0.6,true,
agratas-energy-storage-solutions-agratas-sanand-gigafactory-india,Agratas Sanand Gigafactory,Agratas Energy Storage Solutions,Tata Group,India,India,,,under_construction,2023,2027,20.0,2027,,,,,mixed,,https://www.ess-news.com/2025/12/15/tatas-battery-arm-advances-construction-of-20-gwh-manufacturing-facility/,2026-04-02,0.85,true,
amara-raja-advanced-cell-technologies-amara-raja-giga-corridor-india,Amara Raja Giga Corridor,Amara Raja Advanced Cell Technologies,Amara Raja Energy & Mobility,India,India,,,under_construction,2023,2027,16.0,2031,"{""2027"":4,""2031"":16}",,mixed (NMC and LFP),mixed (cylindrical and prismatic),mixed,"Gotion-InoBat-Batteries (GIB, LFP tech licence), Jiangsu Highstar (NMC tech)",https://solarquarter.com/2026/07/16/amara-raja-launches-60-mwh-customer-qualification-plant-advancing-16-gwh-lithium-ion-battery-manufacturing-in-telangana/,2026-07-16,0.8,true,
amperex-technology-limited-atl-india-technology-pvt-ltd-amperex-technology-sohna-cell-plant-india,Amperex Technology Sohna Cell Plant,Amperex Technology Limited (ATL India Technology Pvt Ltd),TDK Corporation,India,India,,,operational,2020,2025,,,,,lithium-ion (consumer-electronics; likely LCO/NMC),pouch,consumer,,https://www.investing.com/news/stock-market-news/japans-tdk-corp-to-manufacture-iphone-battery-cells-in-india--minister-3248307,2026-07-19,0.6,true,
chemvolt-global-chemvolt-lithium-ion-cell-gigafactory-andhra-pradesh-india,ChemVolt Lithium-Ion Cell Gigafactory (Andhra Pradesh),ChemVolt Global,ChemVolt Global,India,India,,,announced,2026,2027,5.0,2029,"{""2027"":1,""2029"":5}",,LFP,prismatic,mixed,,https://www.pv-magazine-india.com/2026/01/21/chemvolt-global-announces-5-gwh-lithium-ion-cell-manufacturing-project-in-andhra-pradesh/,2026-01-21,0.8,true,
exide-energy-solutions-exide-energy-solutions-bengaluru-gigafactory-india,Exide Energy Solutions Bengaluru Gigafactory,Exide Energy Solutions,Exide Industries Limited,India,India,,,under_construction,,2026,12.0,2026,"{""2026"":6}",,mixed (NMC and LFP),mixed (cylindrical and prismatic),"mixed (EV, ESS, telecom)",,https://www.autocarpro.in/news/exide-to-commercialize-li-ion-cell-manufacturing-with-6gwh-capacity-by-fy26-end-123530,2026-07-19,0.8,true,
godi-india-godi-energy-hyderabad-gigafactory-india,Godi Energy Hyderabad Gigafactory,Godi India,Godi India Pvt Ltd,India,India,,,announced,2024,,12.5,2024,,,"NMC (lithium-ion) and sodium-ion, mixed",cylindrical,mixed,,https://www.pv-magazine-india.com/2024/01/18/godi-india-to-build-12-5-gwh-battery-cell-manufacturing-unit-in-telangana/,2024-01-18,0.6,true,
international-battery-company-international-battery-company-bengaluru-gigafactory-india,International Battery Company Bengaluru Gigafactory,International Battery Company,International Battery Company,India,India,,,under_construction,2023,2025,10.0,2028,"{""2025"":2,""2028"":10}",,"NMC (I-NMC, NMC-622)",prismatic,EV,Mahanagar Gas Ltd,https://www.deccanherald.com/business/ibc-s-rs-390-crore-facility-in-b-luru-to-get-rolling-in-9-months-3356970,2026-07-19,0.6,true,
jsw-energy-jsw-energy-cell-gigafactory-india,JSW Energy Cell Gigafactory,JSW Energy,JSW Group,India,India,,,announced,2024,,30.0,2026,,,LFP,,mixed,Not finalised; LG Energy Solution was in JV talks (Dec 2024); partner still being scouted as of June 2026,https://www.business-standard.com/industry/auto/the-30-gwh-road-map-jsw-locks-in-1-3-billion-li-ion-cell-plant-plan-126060101463_1.html,2026-06-01,0.4,true,
log9-materials-log9-materials-bengaluru-cell-facility-india,Log9 Materials Bengaluru Cell Facility,Log9 Materials,Log9 Materials,India,India,,,operational,2022,2023,0.05,2023,"{""2023"":0.05}",,"LTO, LFP",cylindrical,mixed,,https://www.pv-magazine-india.com/2023/04/24/log9-materials-opens-lithium-battery-cell-factory/,2023-04-24,0.68,true,
lucas-tvs-tvs-indeon-ltd-lucas-tvs-thervoy-kandigai-cell-plant-india,Lucas TVS Thervoy Kandigai Cell Plant,Lucas TVS (TVS Indeon Ltd),Lucas-TVS Ltd,India,India,,,under_construction,2021,2024,10.0,2025,"{""2024"":1}",,lithium-ion (24M SemiSolid),,mixed,24M Technologies (SemiSolid technology licensor),https://www.mobilityoutlook.com/news/tvs-indeon-expands-lithium-battery-production-to-meet-rising-demand/,2025-03-03,0.5,true,
macsen-labs-macsen-sodium-ion-cell-pilot-line-udaipur-india,Macsen Sodium-Ion Cell Pilot Line (Udaipur),Macsen Labs,Macsen Labs Group,India,India,,,under_construction,2025,2026,,,,,sodium-ion,pouch,,,https://www.pv-magazine-india.com/2025/08/25/we-are-in-the-process-of-establishing-a-sodium-ion-battery-cell-pilot-line-by-2026-macsen-labs-ceo/,2025-08-25,0.55,true,
munoth-industries-limited-munoth-lithium-cell-plant-tirupati-india,Munoth Lithium Cell Plant (Tirupati),Munoth Industries Limited,Munoth Group,India,India,,,operational,,2023,1.25,2022,"{""2023"":0.27}",,lithium-ion,,mixed,,https://www.pib.gov.in/Pressreleaseshare.aspx?PRID=1859601,2022-09-30,0.7,true,
naxion-energy-naxion-energy-coimbatore-plant-india,Naxion Energy Coimbatore Plant,Naxion Energy,Naxion Energy (formerly Sodion Energy),India,India,,,operational,2024,2025,1.5,2025,,,sodium-ion,,ESS,,https://www.pv-magazine-india.com/2025/12/12/naxion-energy-launches-indias-first-sodium-ion-energy-storage-systems/,2025-12-12,0.5,false,
ola-cell-technologies-ola-gigafactory-krishnagiri-india,Ola Gigafactory (Krishnagiri),Ola Cell Technologies,Ola Electric Mobility Limited,India,India,,,operational,2022,2025,20.0,2026,"{""2026"":1.4}",,NMC,cylindrical,mixed,,https://www.ess-news.com/2026/01/12/ola-electric-unveils-indias-first-fully-made-in-india-residential-battery-storage-system/,2026-01-12,0.7,true,
reliance-new-energy-reliance-dhirubhai-ambani-green-energy-giga-complex-battery-gigafactory-india,Reliance Dhirubhai Ambani Green Energy Giga Complex Battery Gigafactory,Reliance New Energy,Reliance Industries Limited,India,India,,,under_construction,2021,2026,120.0,2026,"{""2026"":40}","[{""year"": 2026, ""cumulative_gwh"": 40, ""added_gwh"": null, ""basis"": ""announced_target"", ""event"": ""Battery gigafactory (within Dhirubhai Ambani Green Energy Giga Complex, Jamnagar) targeted to begin production in 2026 with an initial annual capacity of 40 GWh, modularly scalable to 100 GWh/yr. LFP chemistry, initially BESS/packs with backward integration to cell manufacturing. Announced target only — nothing operational."", ""source_url"": ""https://www.pv-magazine-india.com/2025/09/01/reliance-industries-ltds-battery-gigafactory-set-to-begin-operations-in-2026-with-an-initial-annual-capacity-of-40-gwh/"", ""source_date"": ""2025-09-01""}, {""year"": 2026, ""cumulative_gwh"": 120, ""added_gwh"": null, ""basis"": ""announced_target"", ""event"": ""Reliance raised its stated target to 120 GWh/yr of annual BESS and cell manufacturing capacity, with the first phase to start production in 2026. Headline ultimate target; not online."", ""source_url"": ""https://www.pv-magazine-india.com/2026/06/22/reliance-targets-120-gwh-of-annual-bess-and-cell-manufacturing-capacity-first-phase-to-start-production-this-year/"", ""source_date"": ""2026-06-22""}]",LFP (sodium-ion in development),,ESS,,https://www.pv-magazine-india.com/2026/06/22/reliance-targets-120-gwh-of-annual-bess-and-cell-manufacturing-capacity-first-phase-to-start-production-this-year/,2026-06-22,0.8,true,true
tds-lithium-ion-battery-gujarat-pvt-ltd-tdsg-tds-lithium-ion-battery-gujarat-hansalpur-india,TDS Lithium-Ion Battery Gujarat (Hansalpur),TDS Lithium-Ion Battery Gujarat Pvt Ltd (TDSG),Suzuki Motor Corporation (JV with Toshiba and Denso),India,India,,,operational,2017,2021,,,,,NMC (lithium-ion); Toshiba SCiB LTO also referenced in some sources,,EV,"Suzuki Motor Corporation, Toshiba Corporation, Denso Corporation",https://www.pv-magazine-india.com/2025/08/27/prime-minister-narendra-modi-inaugurates-tdsgs-lithium-battery-cell-electrode-manufacturing-facility/,2026-07-19,0.8,true,
trentar-energy-solutions-trentar-sodium-ion-cell-plant-india,Trentar Sodium-Ion Cell Plant,Trentar Energy Solutions,,India,India,,,announced,2025,,3.0,2025,,,sodium-ion,,mixed,KPIT Technologies (sodium-ion technology licensor/partner),https://www.kpit.com/news/trentar-energy-solutions-to-commercialise-kpits-breakthrough-sodium-ion-battery-technology/,2025-02-12,0.6,true,
waaree-ess-waaree-energy-storage-solutions-waaree-ess-cell-plant-rola-india,Waaree ESS Cell Plant (Rola),Waaree ESS (Waaree Energy Storage Solutions),Waaree Energies,India,India,,,under_construction,2025,2027,3.5,2027,,,,,ESS,,https://www.ess-news.com/2026/07/17/indias-waaree-ess-begins-production-at-battery-storage-container-factory/,2026-07-17,0.65,true,
waaree-energies-waaree-lithium-ion-gigafactory-rambilli-india,Waaree Lithium-Ion Gigafactory (Rambilli),Waaree Energies,Waaree Energies,India,India,,,announced,2026,2027,16.0,2027,,,,,mixed,,https://www.mercomindia.com/waaree-to-set-up-16-gwh-lithium-ion-battery-gigafactory-in-andhra-pradesh,2026-02-19,0.72,true,
e-trnl-energy-e-trnl-cell-pilot-line-bengaluru-india,e-TRNL Cell Pilot Line (Bengaluru),e-TRNL Energy,e-TRNL Energy,India,India,,,announced,2026,2027,0.25,2027,"{""2027"":0.25}",,"LFP (initial); chemistry-agnostic architecture, future LMFP and sodium-ion planned",,,,https://www.mercomindia.com/e-trnl-energy-secures-%E2%82%B9274-million-to-scale-next-generation-battery-cell-innovation,2026-02-13,0.8,true,
aesc-aesc-zama-plant-japan,AESC Zama Plant,AESC,Envision Group,Japan,Japan,,,operational,2007,2010,2.6,2024,,,NMC (originally LMO),pouch,EV,,https://en.wikipedia.org/wiki/Automotive_Energy_Supply_Corporation,2026-07-19,0.6,true,
aesc-japan-ltd-aesc-group-aesc-ibaraki-plant-japan,AESC Ibaraki Plant,AESC Japan Ltd (AESC Group),Envision Group (Envision AESC),Japan,Japan,,,operational,2021,2024,20.0,2024,"{""2024"":6}",,"NMC (ternary liquid lithium-ion, ""Gen5"")",pouch,EV,Nissan,https://www.aesc-group.com/jp/item/64f971d8cb5f41340724bfe6/,2026-07-18,0.8,true,
apb-corporation-apb-fukui-center-takefu-factory-echizen-plant-japan,APB Fukui Center Takefu Factory (Echizen Plant),APB Corporation,Sanyo Chemical Industries,Japan,Japan,,,operational,2020,2021,3.0,2026,"{""2021"":0.2}",,"all-polymer lithium-ion (LFP cathode, resin-coated bipolar electrode)",pouch,ESS,,https://www.sanyo-chemical.co.jp/eng/archives/3877,2026-07-18,0.55,true,
blue-energy-co-ltd-blue-energy-fukuchiyama-osadano-plant-japan,Blue Energy Fukuchiyama (Osadano) Plant,"Blue Energy Co., Ltd.",GS Yuasa Corporation,Japan,Japan,,,operational,2009,2011,20.0,2030,,,"lithium-ion (HEV; prismatic NMC-type, not explicitly confirmed)",prismatic,EV,"GS Yuasa, Honda",https://www.blue-energy.co.jp/en/corporate/outline.php,2026-07-18,0.7,true,
blue-energy-co-ltd-honda-gs-yuasa-new-battery-plant-blue-energy-bev-lithium-ion-plant-japan,Honda GS Yuasa New Battery Plant (Blue Energy BEV lithium-ion plant),"Blue Energy Co., Ltd.",Honda Motor / GS Yuasa,Japan,Japan,,,under_construction,2023,2027,20.0,2030,,,lithium-ion,,EV,"Honda, GS Yuasa",https://global.honda/en/newsroom/news/2023/c230511beng.html,2023-05-11,0.68,true,
eliiy-power-kawasaki-plant-japan,Kawasaki Plant,Eliiy Power,"Eliiy Power Co., Ltd.",Japan,Japan,,,operational,,2010,,,,,LFP,prismatic,ESS,,https://ja.wikipedia.org/wiki/エリーパワー,2026-07-18,0.6,true,
fdk-energy-co-ltd-fdk-corporation-washizu-plant-kosai-japan,Washizu Plant (Kosai),"FDK Energy Co., Ltd. (FDK Corporation)",Fujitsu,Japan,Japan,,,operational,,,,,,,alkaline (primary); historically primary lithium,cylindrical,consumer,,https://www.fdk.com/company_e/div_washizu-e.html,2026-07-18,0.55,true,
lithium-energy-japan-lej-kusatsu-plant-lithium-energy-japan-japan,Kusatsu Plant (Lithium Energy Japan),Lithium Energy Japan (LEJ),GS Yuasa,Japan,Japan,,,operational,2007,2009,0.11,2010,"{""2009"":0.037,""2010"":0.11}",,"lithium-ion (manganese-based, LEV50 LMO/NMC cells)",prismatic,EV,"GS Yuasa, Mitsubishi Corporation, Mitsubishi Motors",https://www.greencarcongress.com/2010/04/lej-20100414.html,2026-07-18,0.55,true,
maxell-ono-works-japan,Ono Works,Maxell,"Maxell Holdings, Ltd.",Japan,Japan,,,operational,,2023,,,,,"mixed: sulfide-based all-solid-state, plus lithium/alkaline primary (coin) cells",mixed,mixed,,https://www.businesswire.com/news/home/20241004244685/en/Maxell-Accelerating-the-Development-of-All-solid-state-Batteries-toward-2027,2026-07-18,0.68,true,
murata-manufacturing-murata-yasu-plant-japan,Murata Yasu Plant,Murata Manufacturing,"Murata Manufacturing Co., Ltd.",Japan,Japan,,,operational,,2021,,,,,solid-state (oxide ceramic electrolyte),SMD chip (surface-mount),consumer,,https://batteriesnews.com/murata-solid-state-batteries/,2021-08-01,0.6,true,
panasonic-energy-panasonic-energy-oizumi-factory-japan,Panasonic Energy Oizumi Factory,Panasonic Energy,Panasonic Holdings Corporation,Japan,Japan,,,under_construction,2024,2028,16.0,2030,"{""2030"":16}",,"lithium-ion (next-generation cylindrical; nickel-based chemistry, exact grade not specified in sources)",cylindrical,EV,"Panasonic Energy, Subaru Corporation",https://news.panasonic.com/global/press/en240906-6,2024-09-06,0.7,true,
panasonic-energy-panasonic-energy-suminoe-factory-japan,Panasonic Energy Suminoe Factory,Panasonic Energy,Panasonic Holdings,Japan,Japan,,,operational,,2010,4.0,2027,,,NCA / lithium-ion (cylindrical),cylindrical,mixed,,https://www.subaru.co.jp/news-en/2024_09_06_154205/,2024-09-06,0.6,true,
panasonic-energy-panasonic-energy-wakayama-factory-japan,Panasonic Energy Wakayama Factory,Panasonic Energy,Panasonic Holdings,Japan,Japan,,,under_construction,2022,2025,10.0,2025,,,NCA,cylindrical,EV,,https://news.panasonic.com/global/press/en220228-6,2026-07-19,0.6,true,
panasonic-energy-kaizuka-co-ltd-panasonic-energy-kaizuka-factory-japan,Panasonic Energy Kaizuka Factory,"Panasonic Energy Kaizuka Co., Ltd.",Panasonic Holdings Corporation,Japan,Japan,,,operational,,2003,,,,,NCA (nickel-based lithium-ion; cylindrical automotive cells),cylindrical,EV,,https://news.panasonic.com/jp/press/jn240906-3,2024-09-06,0.78,true,
prime-planet-energy-solutions-ppes-himeji-plant-japan,PPES Himeji Plant,Prime Planet Energy & Solutions,Toyota Motor Corporation / Panasonic Holdings (JV),Japan,Japan,,,operational,2022,2025,30.0,2026,,,NMC (prismatic lithium-ion),prismatic,EV,"Toyota Motor Corporation, Panasonic",https://www.p2enesol.com/en/news/20251009/,2025-10-09,0.8,true,
prime-planet-energy-solutions-ppes-tokushima-plant-japan,PPES Tokushima Plant,Prime Planet Energy & Solutions,Toyota Motor Corporation / Panasonic Holdings (JV),Japan,Japan,,,operational,2020,2022,,,,,"NMC (lithium-ion, prismatic)",prismatic,EV,"Toyota Motor Corporation, Panasonic Corporation",https://www.p2enesol.com/en/news/20201006/,2026-07-19,0.6,true,
sekisui-chemical-ritto-film-battery-pilot-line-japan,Ritto film battery pilot line,Sekisui Chemical,"Sekisui Chemical Co., Ltd.",Japan,Japan,,,operational,,,,,,,perovskite (solar PV — not an electrochemical storage battery),,,,https://www.pv-magazine.com/2024/12/27/sekisui-chemical-invests-in-100-mw-perovskite-solar-production-line/,2024-12-27,0.45,false,
toshiba-infrastructure-systems-solutions-corporation-toshiba-kashiwazaki-operations-scib-japan,Toshiba Kashiwazaki Operations (SCiB),Toshiba Infrastructure Systems & Solutions Corporation,Toshiba Corporation,Japan,Japan,,,operational,2009,2011,,,,,"lithium titanate (LTO) Li-ion, SCiB",prismatic,mixed,,https://www.global.toshiba/ww/news/corporate/2018/12/pr2601.html,2018-12-26,0.7,true,
toshiba-infrastructure-systems-solutions-corporation-toshiba-yokohama-plant-scib-japan,Toshiba Yokohama Plant (SCiB),Toshiba Infrastructure Systems & Solutions Corporation,Toshiba Corporation,Japan,Japan,,,operational,2018,2020,,,,,LTO (lithium titanate anode) Li-ion,mixed,mixed,,https://www.pv-magazine.com/2018/10/18/toshiba-announces-new-144-million-scib-battery-factory/,2026-07-18,0.7,true,
toyota-battery-co-toyota-toyota-fukuoka-kanda-battery-plant-japan,Toyota Fukuoka (Kanda) Battery Plant,Toyota Battery Co. (Toyota),Toyota Motor Corporation,Japan,Japan,,,announced,2024,,,,,,lithium-ion (next-generation BEV batteries),,EV,,https://battery-news.de/en/2025/11/10/toyota-postpones-battery-plant-in-fukuoka-yet-again/,2025-11-10,0.65,true,
toyota-battery-co-ltd-formerly-primearth-ev-energy-peve-toyota-battery-peve-kosai-plant-japan,Toyota Battery (PEVE) Kosai Plant,"Toyota Battery Co., Ltd. (formerly Primearth EV Energy / PEVE)",Toyota Motor Corporation,Japan,Japan,34.72,137.53,operational,,,,,,,mixed (NiMH and Li-ion),prismatic,EV,,https://en.wikipedia.org/wiki/Primearth_EV_Energy,2026-07-19,0.6,true,
toyota-battery-co-ltd-formerly-primearth-ev-energy-toyota-battery-peve-miyagi-plant-japan,Toyota Battery (PEVE) Miyagi Plant,"Toyota Battery Co., Ltd. (formerly Primearth EV Energy)",Toyota Motor Corporation,Japan,Japan,,,operational,,2010,,,,,mixed (NiMH and Li-ion),prismatic,EV,,https://en.wikipedia.org/wiki/Primearth_EV_Energy,2026-07-19,0.55,true,
toyota-motor-corporation-toyota-teiho-plant-japan,Toyota Teiho Plant,Toyota Motor Corporation,Toyota Motor Corporation,Japan,Japan,,,operational,,,,,,,"solid-state, bipolar LFP (next-gen development / pilot lines; mixed)",,EV,,https://toyotatimes.jp/en/toyota_news/1041.html,2026-07-19,0.45,true,
addionics-addionics-israel-pilot-line-israel,Addionics Israel pilot line,Addionics,Addionics,Israel,Rest of World,,,operational,2023,2023,,,,,"chemistry-agnostic (3D current collectors / electrodes for Li-ion, LFP, NMC, solid-state)",,EV,,https://www.businesswire.com/news/home/20230226005143/en/Addionics-Unveils-the-Worlds-First-3D-Electrode-Manufacturing-Pilot-Line-for-EV-Batteries,2026-07-19,0.85,false,
afrivolt-afrivolt-atlantis-gigafactory-south-africa,Afrivolt Atlantis gigafactory,Afrivolt,Afrivolt,South Africa,Rest of World,,,announced,2024,,5.0,2026,,,lithium-ion (chemistry unspecified),,mixed,,https://www.engineeringnews.co.za/article/aqora-becomes-afrivolt-aims-for-battery-cell-manufacturing-in-cape-town-2024-01-24,2026-07-19,0.6,true,
allegro-energy-allegro-energy-warners-bay-pilot-line-at-the-melt-dashworks-australia,"Allegro Energy Warners Bay (pilot line at The Melt, Dashworks)",Allegro Energy,Allegro Energy,Australia,Rest of World,,,operational,2023,2023,,,,,aqueous microemulsion redox flow / supercapacitor,,ESS,,https://www.pv-magazine-australia.com/2023/03/01/aussie-startup-commissions-pilot-manufacturing-line-of-battery-electrolyte-cheaper-by-factor-of-100/,2023-03-01,0.5,true,
bravo-motor-company-brasil-energy-bravo-motor-company-gigafactory-colossus-cluster-brazil,Bravo Motor Company gigafactory (Colossus Cluster),Bravo Motor Company Brasil Energy,Bravo Motor Company,Brazil,Rest of World,,,announced,2024,,5.0,2028,"{""2028"":5}",,lithium-ion (specific chemistry unconfirmed),,mixed,,https://batteryindustry.net/bravo-motor-company-signs-agreement-to-build-a-gigafactory-in-brazil/,2024-07-18,0.55,true,
e-one-moli-energy-canada-ltd-e-one-moli-maple-ridge-canada,E-One Moli Maple Ridge,E-One Moli Energy (Canada) Ltd.,Taiwan Cement Corporation (TCC),Canada,Rest of World,,,announced,2023,,2.8,2028,,,"NMC (lithium-ion, high-power)",cylindrical,mixed,,https://electricautonomy.ca/ev-supply-chain/2024-12-09/e-one-moli-factory-expansion-canada/,2024-12-09,0.7,true,
energy-renaissance-energy-renaissance-tomago-renaissance-one-australia,Energy Renaissance Tomago (Renaissance One),Energy Renaissance,Energy Renaissance,Australia,Rest of World,,,operational,2019,2022,5.3,2026,,,LFP,,ESS,,https://www.pv-magazine-australia.com/2022/09/01/energy-renaissance-moves-ahead-with-battery-giga-factory/,2026-07-19,0.55,false,
gelion-gelion-fairfield-australia,Gelion Fairfield,Gelion,Gelion plc,Australia,Rest of World,,,operational,2021,2022,0.002,2022,,,"zinc-bromide (gel, non-flow)",,ESS,Battery Energy (Energy Power Solutions),https://reneweconomy.com.au/australian-gel-based-zinc-bromide-batteries-roll-off-production-line-in-sydney/,2022-09-30,0.65,true,
gotion-power-morocco-gotion-kenitra-gigafactory-morocco,Gotion Kenitra gigafactory,Gotion Power Morocco,Gotion High-Tech,Morocco,Rest of World,,,under_construction,2024,2026,100.0,2025,"{""2026"":20}","[{""year"": 2026, ""cumulative_gwh"": 20, ""added_gwh"": 20, ""basis"": ""announced_target"", ""event"": ""2024-06-06: investment agreement signed in Rabat (PM Akhannouch). Phase 1 = 20 GWh/yr lithium-ion cell + pack (plus cathode/anode and ESS), initial investment ~USD 1.3bn (MAD 12.8bn); first production targeted Q3 2026. Ultimate site nameplate 100 GWh/yr over five phases, total ~USD 6.5-6.8bn. Nothing online at this date - pure announcement."", ""source_url"": ""https://www.moroccoworldnews.com/2024/06/18726/morocco-to-build-1-3-billion-electric-battery-gigafactory-in-kenitra/"", ""source_date"": ""2024-06-06""}, {""year"": 2026, ""cumulative_gwh"": 20, ""added_gwh"": null, ""basis"": ""announced_target"", ""event"": ""2026-05-09: Kenitra plant start of production refined to August 2026 (per BOCOM International note, 6 May 2026). Phase 1 still 20 GWh/yr. Plant NOT yet operational - in advanced preparation, with production-worker and support hiring campaigns underway at the Atlantic Free Zone site. No source confirms any GWh actually in production as of this date."", ""source_url"": ""https://medias24.com/2026/05/09/electric-batteries-gotions-kenitra-plant-set-to-start-production-in-august-2026-1674087/"", ""source_date"": ""2026-05-09""}]","LFP/NMC (mixed, lithium-ion)",,mixed,"Caisse de Dépôt et de Gestion (CDG, Morocco)",https://www.moroccoworldnews.com/2025/05/202536/gotion-gigafactory-construction-launches-within-days-in-kenitra/,2025-05-20,0.7,true,true
honda-honda-ev-battery-plant-alliston-canada,"Honda EV battery plant, Alliston",Honda,"Honda Motor Co., Ltd.",Canada,Rest of World,,,announced,2024,2028,36.0,2028,,,,,EV,,https://global.honda/en/newsroom/news/2024/c240425deng.html,2024-04-25,0.65,true,
lg-energy-solution-lg-energy-solution-morocco-morocco,LG Energy Solution Morocco,LG Energy Solution,LG Chem,Morocco,Rest of World,,,announced,2024,,,,,,LFP,,EV,,https://www.teslarati.com/lg-energy-solution-lges-morocco-europe-supply-chain/,2024-07-25,0.3,false,
li-s-energy-li-s-energy-geelong-phase-3-australia,Li-S Energy Geelong (Phase 3),Li-S Energy,Li-S Energy Limited (ASX:LIS),Australia,Rest of World,,,operational,2023,2024,0.002,2024,,,lithium-sulfur (semi-solid-state; also lithium-metal),pouch,mixed,,https://www.lis.energy/portfolio/phase-3-opening-with-minister-husic/,2026-07-19,0.8,true,
megamillion-energy-group-megamillion-energy-gigafactory-giga-africa-1-south-africa,Megamillion Energy gigafactory (Giga-Africa 1),Megamillion Energy Group,Megamillion Energy Group,South Africa,Rest of World,,,announced,2020,,32.0,2028,"{""2028"":32}",,lithium-ion (LFP),,mixed,"Megamillion Energy Group, Dr Henry Mao (Chinese battery manufacturing team)",https://cilive.com/commodities/metals-mining/news-and-insight/020425-megamillion-jv-build-africas-first-battery-gigafactory-south-africa,2025-04-02,0.55,true,
nextstar-energy-nextstar-energy-windsor-canada,NextStar Energy (Windsor),NextStar Energy,LG Energy Solution / Stellantis (50:50 JV),Canada,Rest of World,,,operational,2022,2025,49.5,2026,,"[{""year"": 2022, ""cumulative_gwh"": 45, ""added_gwh"": null, ""basis"": ""announced_target"", ""event"": ""JV between Stellantis and LG Energy Solution announced 23 Mar 2022 (>CAD 5bn). Annual cell capacity announced as 'in excess of 45 GWh'; construction to begin later 2022, production targeted Q1 2024. Nothing online - target only."", ""source_url"": ""https://nextstar-energy.com/stellantis-and-lg-energy-solution-to-invest-over-5-billion-cad-in-joint-venture-for-first-large-scale-lithium-ion-battery-production-plant-in-canada/"", ""source_date"": ""2022-03-23""}, {""year"": 2024, ""cumulative_gwh"": 0, ""added_gwh"": null, ""basis"": ""operational"", ""event"": ""Battery MODULE assembly began Oct 2024 using lithium-ion cells IMPORTED from LG Energy Solution's plant in Poland. No on-site cell (gigafactory) manufacturing yet, so on-site cell capacity online = 0 GWh."", ""source_url"": ""https://electricautonomy.ca/ev-supply-chain/2024-10-23/nextstar-battery-windsor-production-canada/"", ""source_date"": ""2024-10-23""}, {""year"": 2025, ""cumulative_gwh"": 49.5, ""added_gwh"": null, ""basis"": ""announced_target"", ""event"": ""Cell-plant construction completed Oct 2025. Full nameplate for on-site cell manufacturing stated as ~49.5 GWh/yr (revised up from the original >45 GWh), enough for ~450,000 EVs at full ramp. Target/full nameplate, not yet online."", ""source_url"": ""https://electricautonomy.ca/ev-supply-chain/2025-10-02/nextstar-construction-battery-plant-windsor/"", ""source_date"": ""2025-10-02""}, {""year"": 2025, ""cumulative_gwh"": null, ""added_gwh"": null, ""basis"": ""operational"", ""event"": ""Commercial battery CELL production began Nov 2025 - initial LFP line reoriented toward stationary storage (ESS/BESS) rather than EV cells. Plant ramping toward the 49.5 GWh nameplate; actual GWh online at start of cell production not disclosed by sources."", ""source_url"": ""https://www.electrive.com/2025/11/04/nextstar-energy-to-start-series-battery-production-in-2025/"", ""source_date"": ""2025-11-04""}]",mixed (NMC for EV; LFP line added for stationary storage),pouch,mixed,"LG Energy Solution, Stellantis",https://nextstar-energy.com/nextstar-energy-celebrates-grand-opening-of-canadas-first-and-only-commercial-scale-battery-manufacturing-facility/,2026-03-05,0.9,true,true
northvolt-northvolt-six-canada,Northvolt Six,Northvolt,Northvolt AB (in bankruptcy),Canada,Rest of World,45.534,-73.283,under_construction,2023,,60.0,2026,,"[{""year"": 2026, ""cumulative_gwh"": 30, ""added_gwh"": 30, ""basis"": ""announced_target"", ""event"": ""Announced 28 Sep 2023: phase 1 of 30 GWh/yr cell capacity, first battery cells targeted for 2026. Construction of first 30 GWh phase due to start before end of 2023."", ""source_url"": ""https://www.greencarcongress.com/2023/09/20230929-northvolt.html"", ""source_date"": ""2023-09-29""}, {""year"": 2028, ""cumulative_gwh"": 60, ""added_gwh"": 30, ""basis"": ""announced_target"", ""event"": ""Announced 28 Sep 2023: phase 2 doubles output to full nameplate of 60 GWh/yr, full capacity targeted for 2028."", ""source_url"": ""https://www.greencarcongress.com/2023/09/20230929-northvolt.html"", ""source_date"": ""2023-09-29""}, {""year"": 2025, ""cumulative_gwh"": 0, ""added_gwh"": null, ""basis"": ""operational"", ""event"": ""Project halted (site prep/foundation work suspended spring 2025 after parent bankruptcy) and formally cancelled by Quebec in September 2025 after no binding buyer met the 1 Sep 2025 deadline. No cell capacity was ever commissioned; actual online capacity = 0 GWh/yr."", ""source_url"": ""https://www.cbc.ca/news/canada/montreal/northvolt-quebec-end-1.7623155"", ""source_date"": ""2025-09-05""}]","Li-ion (NMC prismatic, planned)",prismatic,EV,,https://www.electrive.com/2025/09/12/quebec-pulls-out-of-canadian-northvolt-factory/,2026-07-18,0.75,true,true
powercap-powercap-queensland-australia,PowerCap Queensland,PowerCap,PowerCap,Australia,Rest of World,,,operational,2024,2024,,,,,sodium-ion,,ESS,,https://www.pv-magazine-australia.com/2025/09/02/powercap-takes-its-sodium-ion-battery-tech-to-europe/,2025-09-02,0.5,false,
powerco-se-powerco-st-thomas-gigafactory-canada,PowerCo St. Thomas gigafactory,PowerCo SE,Volkswagen Group,Canada,Rest of World,,,under_construction,2023,2027,90.0,2030,,"[{""year"": 2030, ""cumulative_gwh"": 90, ""added_gwh"": null, ""basis"": ""announced_target"", ""event"": ""Announced (VW Group / PowerCo SE): St. Thomas cell gigafactory with up to 90 GWh/yr annual capacity in the final expansion phase, across six production blocks. Groundbreaking planned 2024, production to start 2027, investment up to EUR 4.8bn / CAD 7bn 'until 2030' (used as the final-phase horizon)."", ""source_url"": ""https://www.volkswagen-group.com/en/press-releases/volkswagen-and-powerco-se-will-build-their-largest-cell-factory-to-date-in-canada-16163"", ""source_date"": ""2023-04-21""}, {""year"": 2027, ""cumulative_gwh"": null, ""added_gwh"": null, ""basis"": ""planned"", ""event"": ""Planned first cell production year (reaffirmed on track). No day-one nameplate GWh figure is published for 2027 - only the eventual 'up to 90 GWh' final-phase target exists."", ""source_url"": ""https://www.electrive.com/2025/10/29/vw-powerco-begins-construction-of-first-buildings-at-canadian-battery-factory/"", ""source_date"": ""2025-10-29""}, {""year"": 2030, ""cumulative_gwh"": 90, ""added_gwh"": null, ""basis"": ""announced_target"", ""event"": ""Construction of the first three major buildings began (28 Oct 2025). PowerCo reaffirmed the up-to-90 GWh/yr capacity target and a 2027 production start; still no capacity online and no phased GWh breakdown disclosed."", ""source_url"": ""https://www.electrive.com/2025/10/29/vw-powerco-begins-construction-of-first-buildings-at-canadian-battery-factory/"", ""source_date"": ""2025-10-29""}]",unified cell (prismatic; supports NMC / high-manganese chemistries),prismatic,EV,,https://www.electrive.com/2025/10/29/vw-powerco-begins-construction-of-first-buildings-at-canadian-battery-factory/,2025-10-29,0.85,true,true
recharge-industries-recharge-industries-geelong-avalon-gigafactory-australia,Recharge Industries Geelong (Avalon) Gigafactory,Recharge Industries,Scale Facilitation,Australia,Rest of World,,,announced,2023,,30.0,2026,,,lithium-ion (Charge CCCV / C4V technology),,mixed,,https://www.pv-magazine-australia.com/2023/01/17/lithium-ion-battery-cell-gigafactory-coming-to-geelong/,2026-07-19,0.5,true,
salient-energy-salient-energy-dartmouth-canada,Salient Energy Dartmouth,Salient Energy,Salient Energy Inc.,Canada,Rest of World,,,operational,,,,,,,zinc-ion,,ESS,,https://pv-magazine-usa.com/2022/04/21/salient-energy-develops-zinc-ion-battery-for-residential-applications/,2022-04-21,0.5,true,
sodium-batteries-australia-sodium-batteries-australia-pilot-manufacturing-facility-australia,Sodium Batteries Australia pilot manufacturing facility,Sodium Batteries Australia,Sodium Batteries Australia,Australia,Rest of World,,,operational,,,,,,,sodium-ion,,ESS,,https://sodiumbatteriesau.com/,2026-07-19,0.4,true,
statevolt-emirates-statevolt-ras-al-khaimah-united-arab-emirates,Statevolt Ras Al Khaimah,Statevolt Emirates,Statevolt,United Arab Emirates,Rest of World,,,announced,2024,2026,40.0,2026,"{""2026"":6}",,semi-solid-state (transitioning to solid-state),,EV,,https://www.investmentmonitor.ai/news/statevolt-to-build-new-battery-cell-gigafactory-in-uae/,2024-04-08,0.65,true,
y-tec-unilib-la-plata-argentina,UniLiB La Plata,Y-TEC,YPF,Argentina,Rest of World,,,operational,2021,2023,0.015,2024,,,LFP,,mixed,"YPF, CONICET, Universidad Nacional de La Plata (UNLP)",https://unlp.edu.ar/institucional/produccion/planta-de-baterias-de-litio-31007/,2026-07-19,0.72,true,
e-zinc-e-zinc-mississauga-pilot-manufacturing-facility-canada,e-Zinc Mississauga Pilot Manufacturing Facility,e-Zinc,e-Zinc Inc.,Canada,Rest of World,,,operational,2024,2024,,,,,zinc (zinc-air / zinc-metal),,ESS,,https://www.e-zinc.ca/blog/e-zinc-opens-pilot-manufacturing-facility/,2026-07-19,0.55,true,
eig-energy-innovation-group-ltd-cheonan-plant-south-korea,Cheonan Plant,EIG (Energy Innovation Group Ltd.),EIG (Energy Innovation Group Ltd.),South Korea,South Korea,,,operational,,,,,,,NMC (also LTO),pouch,mixed,,https://www.komachine.com/en/companies/eig,2026-07-18,0.45,true,
enertech-international-chungju-plant-south-korea,Chungju Plant,Enertech International,Enertech International (Rosatom / Renera holds ~49% stake),South Korea,South Korea,,,operational,,2001,1.0,2024,,,NMC (high-nickel),pouch,mixed,,https://www.energy-storage.news/russias-rosatom-buys-stake-in-south-korean-battery-and-ess-manufacturer-enertech-international/,2026-07-18,0.55,true,
kokam-sella-2-eumseong-south-korea,Sella 2 (Eumseong),Kokam,SolarEdge Technologies,South Korea,South Korea,,,operational,2020,2022,2.0,2022,,,NMC,pouch,mixed,,https://www.energy-storage.news/solaredge-opens-2gwh-lithium-battery-cell-factory-in-south-korea/,2022-05-26,0.9,true,
kokam-siheung-plant-south-korea,Siheung Plant,Kokam,SolarEdge Technologies,South Korea,South Korea,,,operational,,,,,,,NMC (lithium-ion/polymer),pouch,mixed,,http://energy.sourceguides.com/businesses/byP/batP/batt/btora/bType/lipoly/byB/manufacturers/byGeo/byC/Korea/Korea.shtml,2026-07-18,0.5,true,
kumyang-gijang-dream-factory-busan-south-korea,Gijang Dream Factory (Busan),Kumyang,"Kumyang Co., Ltd.",South Korea,South Korea,,,under_construction,2023,2026,16.3,2026,"{""2026"":3.7,""2027"":16.3}",,NMC,cylindrical,EV,,https://www.koreaherald.com/article/3848365,2026-02-19,0.7,true,
lg-energy-solution-lg-energy-solution-ochang-energy-plant-south-korea,LG Energy Solution Ochang Energy Plant,LG Energy Solution,LG Energy Solution (LG Group),South Korea,South Korea,,,operational,,2004,35.0,2026,,,NMC/NCA (cylindrical); LFP line from 2027; semi-solid-state pilot,cylindrical,EV,,https://www.electrive.com/2022/06/14/lg-energy-solution-to-build-4680-cells-in-ochang/,2026-07-19,0.6,true,
libest-daejeon-flexible-battery-pilot-south-korea,Daejeon flexible battery pilot,LiBEST,LiBEST Inc.,South Korea,South Korea,,,operational,2023,2023,,,,,lithium-ion (flexible Li-polymer),pouch,consumer,,https://www.etnews.com/20230808000223,2023-08-08,0.65,true,
sk-on-daejeon-all-solid-state-pilot-line-south-korea,Daejeon all-solid-state pilot line,SK On,SK Innovation (SK Group),South Korea,South Korea,,,operational,2025,2025,,,,,solid-state (sulfide-based all-solid-state; part of line dedicated to lithium metal),,EV,,https://www.koreaherald.com/article/10576661,2026-07-18,0.7,true,
sk-on-sk-on-seosan-plant-south-korea,SK On Seosan Plant,SK On,SK Innovation (SK Group),South Korea,South Korea,,,operational,2011,2012,20.0,2028,"{""2012"":0.2,""2018"":5,""2024"":5,""2025"":10,""2028"":20}",,NMC,pouch,EV,,https://www.kedglobal.com/batteries/newsView/ked202308160018,2023-08-16,0.8,true,
samsung-sdi-samsung-sdi-cheonan-plant-south-korea,Samsung SDI Cheonan Plant,Samsung SDI,Samsung Group,South Korea,South Korea,,,operational,,,,,,,mixed (Li-ion NMC/NCA small-format cells and 46-series cylindrical; solid-state / next-gen validation),mixed,mixed,,https://samsungsdi.com/sdi-now/sdi-news/4322.html,2025-03-31,0.7,true,
samsung-sdi-samsung-sdi-giheung-plant-south-korea,Samsung SDI Giheung Plant,Samsung SDI,Samsung Group,South Korea,South Korea,,,,,,,,,,,,,,https://www.samsungsdi.com/about-sdi/global-network.html,2026-07-19,0.3,false,
samsung-sdi-samsung-sdi-ulsan-plant-south-korea,Samsung SDI Ulsan Plant,Samsung SDI,Samsung Group,South Korea,South Korea,,,operational,,2011,10.0,2024,,,NMC (adding LFP for ESS; solid-state and sodium-ion lines planned),prismatic,mixed,,https://www.koreaherald.com/article/10410797,2026-07-19,0.65,true,
samsung-sdi-suwon-s-line-all-solid-state-pilot-south-korea,Suwon S-Line all-solid-state pilot,Samsung SDI,Samsung Group,South Korea,South Korea,,,operational,2022,2023,,,,,"solid-state (sulfide electrolyte, anode-less silver-carbon)",prismatic,EV,,https://www.kedglobal.com/batteries/newsView/ked202203150006,2026-07-18,0.8,true,
vitzrocell-nonsan-plant-south-korea,Nonsan Plant,Vitzrocell,"Vitzro Group (Vitzrocell Co., Ltd.)",South Korea,South Korea,,,,,,,,,,"lithium primary (Li/SOCl2, Li/MnO2); also thermal batteries and lithium-ion capacitors",,,,https://english.etnews.com/20171030200003,2017-10-30,0.15,false,
amita-technology-thailand-amita-technology-gigafactory-eec-thailand,Amita Technology Gigafactory (EEC),Amita Technology (Thailand),Energy Absolute Public Company Limited (EA),Thailand,Southeast Asia,,,operational,,2021,4.0,2021,"{""2021"":1}",,lithium-ion,pouch,mixed,,https://www.nationthailand.com/pr-news/business/40009916,2026-07-19,0.8,true,
durapower-durapower-singapore-singapore,Durapower Singapore,Durapower,Durapower Holdings Pte Ltd,Singapore,Southeast Asia,,,,,,,,,,NMC,,mixed,,https://www.prnewswire.com/apac/news-releases/durapower-breaks-ground-for-new-suzhou-battery-manufacturing-factory-in-china-302089943.html,2026-07-18,0.25,false,
eve-energy-malaysia-sdn-bhd-eve-energy-malaysia-kulim-kedah-malaysia,"EVE Energy Malaysia (Kulim, Kedah)",EVE Energy Malaysia Sdn. Bhd.,"EVE Energy Co., Ltd.",Malaysia,Southeast Asia,,,operational,2023,2025,20.0,2026,"{""2025"":10,""2026"":20}",,Li-ion (Phase I cylindrical; Phase II LFP energy storage) - mixed,mixed,mixed,,https://battery-news.de/en/2025/02/20/eve-energy-launches-battery-production-in-malaysia/,2025-02-20,0.78,true,
evlomo-evlomo-nong-yai-battery-plant-thailand,EVLOMO Nong Yai Battery Plant,EVLOMO,"EVLOMO (EVLOMO Group, USA)",Thailand,Southeast Asia,,,announced,2021,,8.0,2026,,,lithium-ion,,mixed,Rojana Industrial Park (JV terminated 2021),https://www.prnewswire.com/news-releases/evlomo-proceeding-with-8-gwh-lithium-battery-plant-slated-for-construction-in-q1-2022-at-cpgc-rayong--evlomo--rojana-have-parted-ways-301384165.html,2026-07-18,0.3,true,
gigafactory-malaysia-sdn-bhd-gigafactory-malaysia-malaysia,Gigafactory Malaysia,Gigafactory Malaysia Sdn Bhd,NanoMalaysia Berhad,Malaysia,Southeast Asia,,,operational,2026,2026,0.001,2026,"{""2026"":0.001}",,NMC (graphene-enhanced lithium-ion),,EV,,https://theedgemalaysia.com/node/810403,2026-07-14,0.72,true,
gotion-high-tech-vines-jv-gotion-vines-lfp-gigafactory-ha-tinh-vietnam,Gotion-VinES LFP gigafactory (Ha Tinh),Gotion High-Tech-VinES JV,Gotion High-Tech (51%) / Vingroup-VinES (49%),Vietnam,Southeast Asia,,,under_construction,2022,2024,5.0,2024,,,LFP,,EV,"Gotion High-Tech, VinES (Vingroup)",https://www.greencarcongress.com/2022/11/20221119-vines.html,2022-11-19,0.65,true,
hli-green-power-hli-green-power-karawang-battery-cell-plant-indonesia,HLI Green Power Karawang Battery Cell Plant,HLI Green Power,Hyundai Motor Group / LG Energy Solution,Indonesia,Southeast Asia,,,operational,2021,2024,30.0,2025,"{""2024"":10,""2025"":30}",,NCMA (nickel-cobalt-manganese-aluminium),pouch,EV,"Hyundai Motor Group, LG Energy Solution, Indonesia Battery Corporation (IBC)",https://ev.com/news/hyundai-and-lg-energy-solution-launch-indonesias-first-ev-battery-cell-plant,2026-07-19,0.85,true,
nv-gotion-co-ltd-nv-gotion-thailand-rayong-thailand,NV Gotion Thailand (Rayong),"NV Gotion Co., Ltd.",PTT Group (via Nuovo Plus/GPSC) and Gotion High-Tech,Thailand,Southeast Asia,,,operational,2023,2023,,,,,LFP,,mixed,"Gotion High-Tech (Gotion Singapore, 49%), Nuovo Plus (51%, PTT/GPSC group)",https://en.gotion.com.cn/news/company-news-270.html,2023-12-07,0.85,false,
nuovo-plus-g-cell-semisolid-battery-plant-thailand,G-Cell SemiSolid Battery Plant,Nuovo Plus,PTT Group,Thailand,Southeast Asia,,,operational,2021,2021,0.1,2024,"{""2021"":0.03,""2024"":0.1}",,LFP (24M SemiSolid),,mixed,"Arun Plus, GPSC",https://www.gpscgroup.com/en/news/904/gpscs-energy-storage-unit-factory-starts-operations-solidifying-the-groups-position-as-a-leader-in-total-energy-management-solutions-and-aseans-first-semisolid-battery-producer,2026-07-18,0.7,true,
pt-contemporary-amperex-technology-indonesia-battery-catib-catl-catib-karawang-battery-cell-plant-indonesia,CATL CATIB Karawang Battery Cell Plant,PT Contemporary Amperex Technology Indonesia Battery (CATIB),Contemporary Amperex Technology Co. Ltd (CATL),Indonesia,Southeast Asia,,,under_construction,2022,2026,15.0,2026,"{""2026"":6.9}",,NMC,,EV,"CATL (via CBL, 70%), Indonesia Battery Corporation (IBC, 30%, backed by Antam/PLN/Pertamina/Inalum)",https://www.catl.com/en/news/6481.html,2025-06-30,0.8,true,
pt-rept-battero-indonesia-rept-battero-indonesia-battery-factory-indonesia,REPT Battero Indonesia Battery Factory,PT REPT Battero Indonesia,"REPT Battero Energy Co., Ltd. (Ruipu Lanjun)",Indonesia,Southeast Asia,,,operational,2025,2026,8.0,2026,,,LFP,prismatic,ESS,,https://www.ess-news.com/2026/05/18/rept-battero-moves-toward-localized-bess-production-in-indonesia/,2026-05-18,0.65,true,
svolt-energy-technology-thailand-svolt-thailand-sriracha-thailand,SVOLT Thailand (Sriracha),SVOLT Energy Technology (Thailand),SVOLT Energy Technology,Thailand,Southeast Asia,,,operational,2023,2024,,,,,LFP,prismatic,EV,"SVOLT Energy Technology, Banpu NEXT",https://cnevpost.com/2024/02/28/svolt-battery-plant-thailand-begins-production/,2024-02-28,0.8,false,
samsung-sdi-samsung-sdi-seremban-plant-2-malaysia,Samsung SDI Seremban Plant 2,Samsung SDI,Samsung SDI,Malaysia,Southeast Asia,,,operational,2022,2024,20.0,2025,,,NMC/NCA (nickel-based cylindrical),cylindrical,mixed,,https://www.electrive.com/2022/07/21/samsung-sdi-is-building-a-second-battery-plant-in-malaysia/,2026-07-18,0.6,true,
stb-giga-factory-inc-stb-giga-factory-philippines,StB Giga Factory,"StB Giga Factory, Inc.",StB Capital Partners (St Baker Group),Philippines,Southeast Asia,,,operational,2023,2024,0.3,2024,"{""2024"":0.3}",,LFP,,mixed,"StB Capital Partners, Oli Power",https://www.energy-storage.news/philippines-president-on-hand-at-inauguration-of-countrys-first-lfp-gigafactory/,2024-10-01,0.55,false,
sunwoda-automotive-energy-thailand-sunwoda-chonburi-cell-plant-thailand,Sunwoda Chonburi cell plant,Sunwoda Automotive Energy (Thailand),"Sunwoda Electronic Co., Ltd.",Thailand,Southeast Asia,,,under_construction,2025,2027,17.4,2027,,,"mixed (NMC for passenger EV, LFP for commercial EV / ESS)",,mixed,,https://www.prnewswire.com/news-releases/thailand-approves-sunwoda-to-invest-more-than-us1-billion-in-ev-battery-cell-plants-302400853.html,2025-03-13,0.65,true,
vflowtech-vflowtech-tuas-facility-singapore,VFlowTech Tuas Facility,VFlowTech,VFlowTech Pte Ltd,Singapore,Southeast Asia,,,operational,2023,,0.2,2023,,,vanadium flow (VRFB),,ESS,,https://www.energy-storage.news/singapore-firm-vflowtech-raises-us10-million-for-200mwh-vanadium-flow-battery-factory/,2023-02-07,0.55,true,
24m-technologies-24m-technologies-cambridge-united-states,24M Technologies Cambridge,24M Technologies,24M Technologies,United States,USA,,,operational,2010,2018,0.2,2025,,,Li-ion SemiSolid (NMC; lithium-metal / Impervio prototypes),pouch,mixed,,https://www.businesswire.com/news/home/20250930292525/en/24M-Unlocks-New-U.S.-Battery-Manufacturing-Opportunities-with-Groundbreaking-Energy-Dense-24M-ETOP-Electrode-to-Pack-Technology,2026-07-19,0.55,true,
aesc-aesc-kentucky-bowling-green-united-states,AESC Kentucky (Bowling Green),AESC,Envision Group (AESC Group),United States,USA,,,under_construction,2022,2027,30.0,2027,,,,,mixed,,https://bgdailynews.com/2025/06/09/news_aesc061025/,2025-06-09,0.8,true,
aesc-aesc-south-carolina-florence-united-states,AESC South Carolina (Florence),AESC,Envision Group,United States,USA,,,under_construction,2022,2026,30.0,2026,,,nickel-rich NMC (silicon-doped anode),cylindrical,EV,,https://us.aesc-group.com/aescs-investment-in-30gwh-south-carolina-gigafactory-creates-1170-new-jobs-and-cements-the-states-reputation-as-an-automotive-hub/,2026-07-18,0.8,true,
ambri-ambri-marlborough-united-states,Ambri Marlborough,Ambri,Ambri,United States,USA,,,operational,2022,,,,,,liquid metal (calcium-antimony),,ESS,,https://en.wikipedia.org/wiki/Ambri_Inc.,2026-07-19,0.55,true,
american-battery-factory-american-battery-factory-tucson-gigafactory-united-states,American Battery Factory Tucson Gigafactory,American Battery Factory,Lion Energy,United States,USA,,,under_construction,2022,2027,15.0,2026,"{""2028"":5.5}",,LFP,prismatic,ESS,,https://www.businesswire.com/news/home/20260324198279/en/American-Battery-Factory-Announces-Offtake-Agreements-for-Its-Planned-Tucson-AZ-Gigafactory,2026-03-24,0.6,true,
amprius-technologies-amprius-colorado-brighton-united-states,Amprius Colorado (Brighton),Amprius Technologies,"Amprius Technologies, Inc.",United States,USA,,,announced,2023,,5.0,2026,,,silicon-anode lithium-ion (SiCore / Si-Nanowire),pouch,mixed,,https://www.sec.gov/Archives/edgar/data/0001899287/000189928726000045/ampx-20260331.htm,2026-03-31,0.85,false,
amprius-technologies-amprius-fremont-united-states,Amprius Fremont,Amprius Technologies,"Amprius Technologies, Inc.",United States,USA,37.497,-121.964,operational,,2023,0.002,2024,,,"silicon anode lithium-ion (silicon nanowire, SiMaxx)",pouch,mixed,,https://www.businesswire.com/news/home/20231219861371/en/Amprius-Celebrates-Expansion-of-Its-State-of-the-Art-Silicon-Nanowire-Anode-Megawatt-Hour-Manufacturing-Line,2023-12-19,0.72,true,
blueoval-sk-blueoval-sk-battery-park-kentucky-united-states,BlueOval SK Battery Park Kentucky,BlueOval SK,Ford Motor Company / SK On (joint venture),United States,USA,37.6,-85.89,operational,2021,2025,86.0,2027,"{""2025"":43,""2027"":86}","[{""year"": 2021, ""cumulative_gwh"": 86, ""added_gwh"": null, ""basis"": ""announced_target"", ""event"": ""Ford and SK Innovation announce BlueOval SK Battery Park, Glendale KY: two co-located cell plants at up to 43 GWh/yr each = 86 GWh/yr total; $5.8bn; production targeted for Q1 2025."", ""source_url"": ""https://www.kentucky.gov/Pages/Activity-stream.aspx?n=GovernorBeshear&prId=981"", ""source_date"": ""2021-09-27""}, {""year"": 2022, ""cumulative_gwh"": 82, ""added_gwh"": null, ""basis"": ""planned"", ""event"": ""Groundbreaking of BlueOval SK Battery Park, Glendale KY (5 Dec 2022). Twin plants under construction; capacity reported as Plant 1 = 37 GWh/yr and Plant 2 = 45 GWh/yr = 82 GWh/yr total at full build."", ""source_url"": ""https://www.kedglobal.com/batteries/newsView/ked202212060011"", ""source_date"": ""2022-12-06""}, {""year"": 2024, ""cumulative_gwh"": 82, ""added_gwh"": null, ""basis"": ""planned"", ""event"": ""Ford confirms first Kentucky plant on track to come online mid-2025; still 0 GWh online (under construction / pre-production)."", ""source_url"": ""https://fordauthority.com/2024/08/ford-blueoval-sk-battery-plant-will-come-online-in-mid-2025/"", ""source_date"": ""2024-08-01""}, {""year"": 2025, ""cumulative_gwh"": 37, ""added_gwh"": 37, ""basis"": ""operational"", ""event"": ""Plant 1 begins mass production (official launch Aug 2025); first F-150 Lightning cells produced. Plant 1 nameplate ~37 GWh/yr online; Plant 2 (~45 GWh/yr) not yet in production."", ""source_url"": ""https://www.electrive.com/2025/08/20/blueoval-sk-opens-battery-cell-plant-in-kentucky/"", ""source_date"": ""2025-08-20""}]",NMC,pouch,EV,"Ford Motor Company, SK On",https://www.kentucky.gov/Pages/Activity-stream.aspx?n=GovernorBeshear&prId=2561,2026-07-18,0.85,true,true
coreshell-coreshell-san-leandro-united-states,Coreshell San Leandro,Coreshell,Coreshell Technologies,United States,USA,,,operational,,2025,0.004,2025,,,silicon-anode lithium-ion (metallurgical silicon / MG-Si anode),,EV,,https://www.prnewswire.com/news-releases/coreshell-raises-24m-to-commercialize-the-lowest-cost-and-domestically-sourced-lithium-ion-battery-anode-302403987.html,2025-03-18,0.8,true,
dragonfly-energy-dragonfly-energy-reno-united-states,Dragonfly Energy Reno,Dragonfly Energy,Dragonfly Energy Holdings Corp,United States,USA,,,operational,2022,2023,0.15,2023,,,LFP,cylindrical,mixed,,https://dragonflyenergy.com/dragonfly-energy-completes-u-s-lithium-battery-cell-pilot-line-begins-manufacturing-anode-at-scale-using-patented-dry-deposition-processes/,2023-07-06,0.75,true,
ess-tech-inc-ess-inc-ess-inc-wilsonville-united-states,ESS Inc Wilsonville,"ESS Tech, Inc. (ESS Inc)","ESS Tech, Inc.",United States,USA,,,operational,,2021,1.0,2025,"{""2022"":0.8,""2025"":1.0}",,"iron flow (all-iron, iron-saltwater electrolyte)",mixed,ESS,,https://www.solarpowerworldonline.com/2025/06/ess-inc-almost-closed-its-oregon-battery-manufacturing-plant-last-week/,2026-07-19,0.65,true,
electrovaya-electrovaya-jamestown-gigafactory-united-states,Electrovaya Jamestown Gigafactory,Electrovaya,Electrovaya Inc.,United States,USA,,,under_construction,2022,2026,1.0,2027,,,"NMC lithium-ion (proprietary ceramic-separator ""Infinity"" technology)",,mixed,,https://electrovaya.com/press/electrovaya-announces-start-of-battery-system-manufacturing-in-jamestown-ny/,2025-05-19,0.55,true,
enervenue-enervenue-shelby-county-united-states,EnerVenue Shelby County,EnerVenue,"EnerVenue, Inc.",United States,USA,,,announced,2023,,1.0,2023,,,nickel-hydrogen (metal-hydrogen),cylindrical,ESS,,https://www.globenewswire.com/news-release/2023/03/28/2635398/0/en/EnerVenue-Opening-Gigafactory-in-Shelby-County-Kentucky-to-Scale-Production-of-its-Differentiated-Energy-Storage-Solutions.html,2023-03-28,0.75,true,
enovix-enovix-fremont-fab-1-united-states,Enovix Fremont (Fab-1),Enovix,Enovix Corporation,United States,USA,,,operational,2021,2022,0.254,2022,,,"silicon-anode lithium-ion (100% active silicon anode, 3D cell architecture)",prismatic,consumer,,https://ir.enovix.com/static-files/66cf6948-4181-4a36-ac14-b10418d60085,2025-02-25,0.55,true,
eos-energy-enterprises-eos-energy-turtle-creek-united-states,Eos Energy Turtle Creek,Eos Energy Enterprises,"Eos Energy Enterprises, Inc.",United States,USA,,,operational,,2024,1.25,2024,,,"zinc (aqueous zinc-hybrid, Znyth / Z3)",,ESS,,https://www.globenewswire.com/news-release/2024/07/01/2906632/0/en/Eos-Energy-Successfully-Launches-Commercial-Production-on-First-State-of-the-Art-Manufacturing-Line.html,2024-07-01,0.72,true,
factorial-energy-factorial-energy-methuen-united-states,Factorial Energy Methuen,Factorial Energy,Factorial Energy,United States,USA,42.726,-71.191,operational,2022,2023,0.2,2023,,,"solid-state (lithium-metal, FEST solid electrolyte)",pouch,EV,,https://www.businesswire.com/news/home/20231023929129/en/Factorial-Energy-Opens-New-Manufacturing-Facility-to-House-Largest-Solid-State-Battery-Line-in-the-US,2023-10-23,0.82,true,
fixx-energy-formerly-aesc-envision-aesc-aesc-smyrna-tennessee-united-states,AESC Smyrna (Tennessee),Fixx Energy (formerly AESC / Envision AESC),Fixx Energy,United States,USA,35.96,-86.43,operational,,2012,3.0,2026,,,LFP,,ESS,,https://www.solarpowerworldonline.com/2026/05/aesc-sells-tennessee-lithium-battery-cell-manufacturing-plant-to-fixx-energy/,2026-07-19,0.8,true,
ford-blueoval-battery-park-michigan-blueoval-battery-park-michigan-marshall-united-states,"BlueOval Battery Park Michigan, Marshall",Ford (BlueOval Battery Park Michigan),Ford Motor Company,United States,USA,42.2723,-84.9633,operational,2023,2026,20.0,2026,,,LFP,,EV,,https://www.fromtheroad.ford.com/us/en/articles/2026/blueoval-battery-park-michigan-hiring-and-lfp-production,2026-06-18,0.9,true,
form-energy-form-factory-1-weirton-united-states,Form Factory 1 (Weirton),Form Energy,Form Energy,United States,USA,,,operational,2022,2025,50.0,2028,,"[{""year"": 2023, ""cumulative_gwh"": 50, ""added_gwh"": null, ""basis"": ""planned"", ""event"": ""Groundbreaking (26 May 2023). Facility planned for 500 MW (~50 GWh/yr at 100h) annual production 'when in full operation'."", ""source_url"": ""https://www.energy.senate.gov/2023/5/manchin-joins-groundbreaking-of-form-energy-factory-in-weirton-wv-made-possible-by-inflation-reduction-act"", ""source_date"": ""2023-05-26""}, {""year"": 2024, ""cumulative_gwh"": null, ""added_gwh"": null, ""basis"": ""operational"", ""event"": ""Factory opened Sept 2024 and began trial production of iron-air battery systems; no distinct GWh/yr online figure published."", ""source_url"": ""https://www.renewableenergyworld.com/energy-storage/long-duration/form-energy-expanding-west-virginia-iron-air-battery-factory/"", ""source_date"": ""2024-10-14""}, {""year"": 2027, ""cumulative_gwh"": 20, ""added_gwh"": null, ""basis"": ""announced_target"", ""event"": ""Project RAPID expansion (announced 14 Oct 2024): a new manufacturing line at Form Factory 1 targeted to reach up to 20 GWh/yr annual production capacity by 2027, part-funded by up to $150M DOE award."", ""source_url"": ""https://formenergy.com/form-energy-begins-expansion-of-form-factory-1-to-increase-manufacturing-capacity/"", ""source_date"": ""2024-10-14""}, {""year"": 2028, ""cumulative_gwh"": 50, ""added_gwh"": null, ""basis"": ""announced_target"", ""event"": ""Long-term goal of 500 MW / 50 GWh annual production capacity at Form Factory 1 by 2028 (expanded ~850k-1M sq ft footprint, ~750 workers)."", ""source_url"": ""https://formenergy.com/form-energy-begins-expansion-of-form-factory-1-to-increase-manufacturing-capacity/"", ""source_date"": ""2024-10-14""}]",iron-air,,ESS,,https://www.renewableenergyworld.com/energy-storage/long-duration/form-energy-expanding-west-virginia-iron-air-battery-factory/,2026-07-19,0.7,true,true
gotion-gotion-manteno-illinois-united-states,Gotion Manteno (Illinois),Gotion,Gotion High-Tech (Guoxuan High-Tech),United States,USA,41.25,-87.83,operational,2023,2025,40.0,2034,,,LFP,,mixed,,https://www.manufacturingdive.com/news/gotion-2-billion-ev-lithium-battery-plant-manteno-illinois/693223/,2026-07-19,0.72,true,
inlyte-energy-inlyte-energy-hayward-united-states,Inlyte Energy Hayward,Inlyte Energy,Inlyte Energy,United States,USA,,,operational,,,,,,,sodium metal chloride (iron-sodium),,ESS,,https://pv-magazine-usa.com/2025/03/27/inlyte-energy-shuffles-in-a-new-era-for-iron-sodium-batteries/,2025-03-27,0.3,true,
l-h-battery-company-inc-l-h-battery-company-jeffersonville-ohio-united-states,"L-H Battery Company (Jeffersonville, Ohio)","L-H Battery Company, Inc.",LG Energy Solution / Honda Motor (joint venture),United States,USA,,,operational,2022,2026,40.0,2026,,,"NMC (lithium-ion, pouch); ESS-market cells",pouch,ESS,"LG Energy Solution, Honda Motor",https://lhbattery.com/l-h-battery-company-begins-mass-production-of-ess-battery-cells-in-fayette-county-ohio/,2026-07-01,0.9,true,
lg-energy-solution-lg-energy-solution-arizona-queen-creek-united-states,LG Energy Solution Arizona (Queen Creek),LG Energy Solution,LG Energy Solution Ltd (LG Group),United States,USA,,,under_construction,2023,2026,53.0,2026,,"[{""year"": 2022, ""cumulative_gwh"": 11, ""added_gwh"": null, ""basis"": ""announced_target"", ""event"": ""Initial announcement: $1.4bn cylindrical EV cell plant in Queen Creek, Arizona, 11 GWh nameplate."", ""source_url"": ""https://www.greencarcongress.com/2022/03/20220329-lges.html"", ""source_date"": ""2022-03-29""}, {""year"": 2023, ""cumulative_gwh"": 43, ""added_gwh"": null, ""basis"": ""announced_target"", ""event"": ""Project rescoped to a $5.5bn complex: 27 GWh cylindrical EV plant + 16 GWh LFP ESS plant = 43 GWh combined, ground-break planned 2023."", ""source_url"": ""https://www.prnewswire.com/news-releases/lg-energy-solution-to-invest-krw-7-2-trillion-to-build-battery-manufacturing-complex-in-arizona-step-up-ev-and-ess-battery-production-in-north-america-301780591.html"", ""source_date"": ""2023-03-24""}, {""year"": 2024, ""cumulative_gwh"": 53, ""added_gwh"": null, ""basis"": ""announced_target"", ""event"": ""Capacity target raised to 53 GWh (36 GWh cylindrical EV + 17 GWh LFP ESS); cylindrical plant completion targeted 2025, ESS 2026."", ""source_url"": ""https://www.prnewswire.com/news-releases/lg-energy-solutions-5-5-billion-stand-alone-battery-manufacturing-complex-project-in-arizona-well-underway-302106997.html"", ""source_date"": ""2024-04-11""}, {""year"": 2026, ""cumulative_gwh"": 53, ""added_gwh"": null, ""basis"": ""planned"", ""event"": ""As of Mar 2025 the cylindrical plant was ~50% built and targeting start of 46mm cell mass production in spring 2026; the LFP ESS plant reported paused/on hold. 53 GWh remains the planned full-nameplate complex total."", ""source_url"": ""https://www.electrive.com/2025/03/06/lges-aims-to-start-us-production-of-46-mm-round-cells-in-spring-2026/"", ""source_date"": ""2025-03-06""}]",mixed (46-series/4680 cylindrical NCM for EV; LFP for ESS),mixed,mixed,,https://www.kedglobal.com/batteries/newsView/ked202404040005,2024-04-04,0.82,true,true
lg-energy-solution-ultium-cells-lansing-factory-3-delta-township-michigan-united-states,"Ultium Cells Lansing (Factory 3, Delta Township, Michigan)",LG Energy Solution,LG Chem,United States,USA,,,under_construction,2022,2026,50.0,2026,,"[{""year"": 2022, ""cumulative_gwh"": 50, ""added_gwh"": null, ""basis"": ""announced_target"", ""event"": ""Announced as Ultium Cells' 3rd US cell plant (GM-LG Energy Solution JV), $2.6bn investment, ~50 GWh/yr at full production; construction begun 2022, opening expected late 2024. Not online."", ""source_url"": ""https://news.lgensol.com/company-news/press-releases/881/"", ""source_date"": ""2022-01-25""}, {""year"": 2026, ""cumulative_gwh"": 27, ""added_gwh"": null, ""basis"": ""announced_target"", ""event"": ""On announcing sale of GM's JV stake to LG Energy Solution, capacity guidance revised down: ~27 GWh/yr initial. Plant described as nearly complete but not yet producing; year shown is expected initial-production year, not confirmed online."", ""source_url"": ""https://investor.gm.com/news-releases/news-release-details/gm-sell-stake-lansing-battery-cell-plant-partner-lg-energy/"", ""source_date"": ""2024-12-02""}, {""year"": 2027, ""cumulative_gwh"": 36, ""added_gwh"": null, ""basis"": ""announced_target"", ""event"": ""Same Dec 2024 GM stake-sale guidance: capacity rising to ~36 GWh/yr by 2027. Announced target, not online."", ""source_url"": ""https://investor.gm.com/news-releases/news-release-details/gm-sell-stake-lansing-battery-cell-plant-partner-lg-energy/"", ""source_date"": ""2024-12-02""}]",NMC (high-nickel NCMA),pouch,EV,,https://news.lgensol.com/company-news/press-releases/881/,2026-07-18,0.6,true,true
lg-energy-solution-michigan-inc-lg-energy-solution-michigan-holland-united-states,LG Energy Solution Michigan (Holland),"LG Energy Solution Michigan, Inc.",LG Energy Solution (LG Group),United States,USA,,,operational,2022,2013,35.0,2026,"{""2025"":22,""2026"":35}",,"mixed (NMC for EV, LFP for ESS)",mixed,mixed,,https://news.lgensol.com/company-news/supplementary-stories/681/,2025-06-24,0.72,true,
lyten-lyten-san-jose-united-states,Lyten San Jose,Lyten,Lyten,United States,USA,,,operational,,2023,0.2,2025,,,lithium-sulfur,mixed,mixed,,https://www.businesswire.com/news/home/20241113490874/en/Lyten-Acquires-Battery-Manufacturing-Assets-from-Cuberg-to-Accelerate-US-Production-of-Lithium-Sulfur-Batteries,2026-07-19,0.6,true,
microvast-microvast-clarksville-united-states,Microvast Clarksville,Microvast,"Microvast Holdings, Inc.",United States,USA,,,under_construction,2021,,2.0,2025,,,LFP,pouch,mixed,,https://www.sec.gov/Archives/edgar/data/1760689/000162828026018264/mvst-20251231.htm,2025-12-31,0.7,true,
nanotech-energy-nanotech-energy-chico-2-united-states,Nanotech Energy Chico 2,Nanotech Energy,"Nanotech Energy, Inc.",United States,USA,,,operational,2022,2024,0.15,2024,,,graphene-enhanced lithium-ion (non-flammable electrolyte),cylindrical,mixed,,https://www.d2pmagazine.com/2024/02/08/nanotech-energy-to-launch-150mw-battery-cell-production-plant-in-california/,2024-02-08,0.55,true,
natron-energy-natron-energy-holland-united-states,Natron Energy Holland,Natron Energy,Natron Energy,United States,USA,42.7527846,-86.1111526,operational,2023,2024,,,,,sodium-ion (Prussian blue),,ESS,,https://natron.energy/company/u-s-manufacturing,2026-07-19,0.7,true,
our-next-energy-one-circle-united-states,ONE Circle,Our Next Energy,Our Next Energy (ONE),United States,USA,42.2337,-83.482,operational,2022,2023,20.0,2027,,,LFP (lithium iron phosphate); anode-free cells also planned,,mixed,,https://one.ai/news/onecircle,2026-07-19,0.75,true,
panasonic-energy-gigafactory-nevada-united-states,Gigafactory Nevada,Panasonic Energy,Panasonic Holdings,United States,USA,39.5386,-119.4386,operational,2014,2017,41.0,2025,,"[{""year"": 2018, ""cumulative_gwh"": 20, ""added_gwh"": null, ""basis"": ""operational"", ""event"": ""By mid/Aug 2018 Panasonic's cell production capacity at Giga Nevada had reached ~20 GWh/yr (per Tesla Q2 2018 update), ramping toward the 35 GWh design nameplate."", ""source_url"": ""https://en.wikipedia.org/wiki/Gigafactory_Nevada"", ""source_date"": ""2026-07-19""}, {""year"": 2019, ""cumulative_gwh"": 35, ""added_gwh"": null, ""basis"": ""commissioned"", ""event"": ""March 2019: Panasonic announced it had reached its initial 35 GWh/yr nameplate (13 lines installed). DISPUTED - in April 2019 Musk said real output was only ~24 GWh/yr and Panasonic was the constraint. 35 GWh = installed nameplate, not demonstrated output."", ""source_url"": ""https://www.electrive.com/2019/04/15/tesla-and-panasonic-musk-unsatisfied-as-35-gwh-not-yet-achieved/"", ""source_date"": ""2019-04-15""}, {""year"": 2021, ""cumulative_gwh"": 39, ""added_gwh"": 4, ""basis"": ""operational"", ""event"": ""14th production line - announced Aug/Sep 2020 with ~$100m investment, raising nameplate ~10% from 35 to ~39 GWh/yr; line came online early 2021."", ""source_url"": ""https://electrek.co/2020/09/08/tesla-gigafactory-nevada-panasonic-expansion-new-production-line/"", ""source_date"": ""2020-09-08""}, {""year"": 2023, ""cumulative_gwh"": 42, ""added_gwh"": 4, ""basis"": ""announced_target"", ""event"": ""June 2023 (Nikkei, via Electrek): Panasonic reported plans for a 15th line for 2170 cells to add ~10% capacity within 1-2 years, taking nameplate from ~38-39 to ~42 GWh/yr. TARGET, not yet online."", ""source_url"": ""https://electrek.co/2023/06/06/panasonic-add-new-battery-production-line-tesla-gigafactory-nevada/"", ""source_date"": ""2023-06-06""}, {""year"": 2025, ""cumulative_gwh"": 41, ""added_gwh"": null, ""basis"": ""operational"", ""event"": ""By 2025 Panasonic/coverage cites the Nevada plant's current annual capacity at ~41 GWh/yr, having delivered >11 billion cells (context: Panasonic opened its second US plant in Kansas, ~32 GWh, July 2025)."", ""source_url"": ""https://evmagazine.com/articles/panasonic-opens-one-of-the-worlds-largest-ev-battery-plants"", ""source_date"": ""2025-07-16""}]",NCA,cylindrical,EV,Tesla,https://insideevs.com/news/670726/panasonic-boost-battery-production-tesla-gigafactory-nevada/,2026-07-18,0.82,true,true
panasonic-energy-panasonic-energy-de-soto-kansas-factory-united-states,Panasonic Energy De Soto (Kansas Factory),Panasonic Energy,Panasonic Holdings Corporation,United States,USA,,,operational,2022,2025,32.0,2025,,,NCA (Li-ion),cylindrical,EV,,https://na.panasonic.com/news/panasonic-energy-begins-mass-production-at-new-automotive-lithium-ion-battery-factory-in-kansas-aiming-for-annual-capacity-of-32-gwh-to-accelerate-us-local-production,2025-07-14,0.88,true,
peak-energy-peak-energy-sacramento-united-states,Peak Energy Sacramento,Peak Energy,Peak Energy,United States,USA,,,announced,2026,2027,4.0,2027,,,sodium-ion,,ESS,General Motors (GM Ventures) - cell supplier/strategic partner,https://www.prnewswire.com/news-releases/peak-energy-selects-sacramento-to-build-americas-first-sodium-ion-grid-storage-factory-302820192.html,2026-07-09,0.4,false,
quantumscape-quantumscape-san-jose-eagle-line-qs-0-united-states,QuantumScape San Jose (Eagle Line / QS-0),QuantumScape,QuantumScape Corporation,United States,USA,,,operational,2021,2026,,,,,"solid-state (lithium-metal, anode-free)",,EV,,https://www.businesswire.com/news/home/20260204999555/en/QuantumScape-Inaugurates-Eagle-Line-for-Solid-State-Battery-Pilot-Production,2026-02-04,0.75,true,
ses-ai-ses-ai-woburn-united-states,SES AI Woburn,SES AI,SES AI Corporation,United States,USA,,,operational,,,,,,,lithium-metal,pouch,mixed,,https://www.ses.ai/about,2026-07-19,0.55,false,
sk-on-blueoval-city-battery-plant-stanton-tennessee-united-states,"BlueOval City Battery Plant (Stanton, Tennessee)",SK On,SK Innovation (SK Group),United States,USA,,,under_construction,2021,2028,43.0,2028,,"[{""year"": 2025, ""cumulative_gwh"": 43, ""added_gwh"": null, ""basis"": ""announced_target"", ""event"": ""Ford and SK Innovation announced BlueOval City (Stanton, TN) including a single BlueOval SK battery plant of ~43 GWh/yr; production originally targeted for mid-decade (~2025). Not operational."", ""source_url"": ""https://askinno.com/global/archives/7245"", ""source_date"": ""2021-09-27""}, {""year"": 2027, ""cumulative_gwh"": 43, ""added_gwh"": null, ""basis"": ""announced_target"", ""event"": ""Tennessee plant still specified at 43 GWh/yr; battery production timeline slipped, then targeted for 2027. Construction ongoing, not operational."", ""source_url"": ""https://tennesseelookout.com/2024/09/13/what-to-know-the-new-ford-blueoval-city-plant-poised-to-reshape-west-tennessee/"", ""source_date"": ""2024-09-13""}, {""year"": 2028, ""cumulative_gwh"": 43, ""added_gwh"": null, ""basis"": ""announced_target"", ""event"": ""Construction completed April 2025 but plant NOT in production. Dec 2025: Ford and SK On agreed to unwind the BlueOval SK JV, with SK On taking sole ownership/operation of the Tennessee plant; battery production now slated for 2028. Capacity still cited as 43 GWh/yr."", ""source_url"": ""https://tennesseelookout.com/2025/12/11/ford-sk-on-plan-to-end-blueoval-sk-joint-venture-sk-on-will-operate-tennessee-battery-plant/"", ""source_date"": ""2025-12-11""}]",NMC,,mixed,,https://tennesseelookout.com/2025/12/11/ford-sk-on-plan-to-end-blueoval-sk-joint-venture-sk-on-will-operate-tennessee-battery-plant/,2025-12-11,0.7,true,true
sk-on-sk-battery-america-commerce-georgia-united-states,"SK Battery America (Commerce, Georgia)",SK On,SK Group (SK Innovation),United States,USA,34.16,-83.49,operational,2019,2022,21.5,2023,"{""2022"":9.8,""2023"":21.5}",,NMC (converting some lines to LFP),pouch,mixed,,https://insideevs.com/news/536883/us-sk-innovation-battery-150gwh/,2026-07-18,0.85,true,
sakuu-sakuu-silicon-valley-united-states,Sakuu Silicon Valley,Sakuu,Sakuu Corporation,United States,USA,,,operational,2022,2022,1.0,2022,"{""2021"":0.0025,""2022"":1}",,solid-state (lithium-metal),,EV,,https://www.businesswire.com/news/home/20220804005133/en/Sakuu-Opens-New-Battery-Printing-and-Engineering-Facility-in-Silicon-Valley,2022-08-04,0.55,true,
samsung-sdi-gm-jv-samsung-sdi-gm-battery-plant-new-carlisle-indiana-united-states,"Samsung SDI-GM Battery Plant (New Carlisle, Indiana)",Samsung SDI-GM JV,General Motors / Samsung SDI,United States,USA,41.7,-86.51,under_construction,2023,2027,36.0,2027,,,"NCA (nickel-rich, nickel cobalt aluminium)",prismatic,EV,"General Motors, Samsung SDI",https://www.manufacturingdive.com/news/GM-Samsung-SDI-finalize-joint-venture-push-production-2027/725652/,2026-05-21,0.8,true,
solid-power-solid-power-louisville-ev-cell-pilot-line-united-states,Solid Power Louisville EV Cell Pilot Line,Solid Power,"Solid Power, Inc.",United States,USA,,,operational,2021,2022,,,,,"solid-state (sulfide electrolyte, silicon anode)",pouch,EV,,https://www.globenewswire.com/en/news-release/2022/06/06/2456681/0/en/Solid-Power-Announces-Installation-of-EV-Cell-Pilot-Line.html,2022-06-06,0.85,true,
starplus-energy-starplus-energy-gigafactory-kokomo-indiana-united-states,"StarPlus Energy Gigafactory (Kokomo, Indiana)",StarPlus Energy,Stellantis / Samsung SDI,United States,USA,,,under_construction,2022,2025,67.0,2027,"{""2025"":33,""2027"":67}","[{""year"": 2022, ""cumulative_gwh"": 23, ""added_gwh"": 23, ""basis"": ""announced_target"", ""event"": ""Plant 1 (first StarPlus Energy Kokomo gigafactory) announced with initial 23 GWh/yr target, launch planned Q1 2025 (later raised to 33 GWh). Documented as the 'initial target of 23 GWh' in the Oct 2023 Stellantis release."", ""source_url"": ""https://www.stellantis.com/en/news/press-releases/2023/october/stellantis-samsung-sdi-announce-kokomo-indiana-as-site-for-second-us-starplus-energy-gigafactory"", ""source_date"": ""2023-10-11""}, {""year"": 2023, ""cumulative_gwh"": 67, ""added_gwh"": 34, ""basis"": ""announced_target"", ""event"": ""Kokomo confirmed as site for a SECOND StarPlus Energy gigafactory (Plant 2), ~34 GWh/yr, production expected early 2027, ~$3.2bn. Plant 1 target now stated at 33 GWh/yr (up from 23), opening Q1 2025. Combined two-plant nameplate target = 67 GWh/yr. (Second-plant plans first announced July 2023.)"", ""source_url"": ""https://www.stellantis.com/en/news/press-releases/2023/october/stellantis-samsung-sdi-announce-kokomo-indiana-as-site-for-second-us-starplus-energy-gigafactory"", ""source_date"": ""2023-10-11""}, {""year"": 2025, ""cumulative_gwh"": 33, ""added_gwh"": 33, ""basis"": ""operational"", ""event"": ""Plant 1 began battery cell production in early 2025 (nameplate 33 GWh/yr). Detroit News reports StarPlus 'began production in Kokomo earlier this year'. Plant 2 not yet online. Year-by-year ramp not published, so 33 GWh is stated nameplate online, not confirmed full-rate output."", ""source_url"": ""https://www.detroitnews.com/story/business/autos/chrysler/2025/05/27/uaw-starplus-energy-labor-organization-stellantis-samsung-sdi-kokomo-indiana/83879121007/"", ""source_date"": ""2025-05-27""}, {""year"": 2027, ""cumulative_gwh"": 67, ""added_gwh"": 34, ""basis"": ""announced_target"", ""event"": ""Plant 2 (~34 GWh/yr) targeted to begin production early 2027, bringing the combined two-plant Kokomo nameplate to 67 GWh/yr."", ""source_url"": ""https://www.stellantis.com/en/news/press-releases/2023/october/stellantis-samsung-sdi-announce-kokomo-indiana-as-site-for-second-us-starplus-energy-gigafactory"", ""source_date"": ""2023-10-11""}]",NMC,prismatic,EV,"Stellantis, Samsung SDI",https://www.stellantis.com/en/news/press-releases/2023/october/stellantis-samsung-sdi-announce-kokomo-indiana-as-site-for-second-us-starplus-energy-gigafactory,2023-10-11,0.8,true,false
statevolt-statevolt-imperial-valley-gigafactory-united-states,Statevolt Imperial Valley Gigafactory,Statevolt,Statevolt Inc.,United States,USA,,,announced,2022,,54.0,2026,,"[{""year"": 2022, ""cumulative_gwh"": 54, ""added_gwh"": null, ""basis"": ""announced_target"", ""event"": ""Statevolt launched by Lars Carlstrom; announced a 54 GWh lithium-ion gigafactory for Imperial Valley, California ($4bn, ~2,500 jobs, batteries for ~650,000 EVs/yr), sourcing lithium/geothermal power from Controlled Thermal Resources' Hell's Kitchen. Announcement/planning only - no site, no construction."", ""source_url"": ""https://www.prnewswire.com/news-releases/lars-carlstrom-announces-launch-of-statevolt-to-develop-54gwh-gigafactory-in-california-301527374.html"", ""source_date"": ""2022-04-19""}, {""year"": 2023, ""cumulative_gwh"": 54, ""added_gwh"": null, ""basis"": ""announced_target"", ""event"": ""Statevolt acquired a 135-acre site near the Salton Sea; 54 GWh nameplate target unchanged, production still targeted for ~2025. Land acquired but no groundbreaking; nothing operational."", ""source_url"": ""https://pv-magazine-usa.com/2023/01/24/statevolt-acquires-land-for-54-gwh-lithium-ion-battery-gigafactory/"", ""source_date"": ""2023-01-24""}, {""year"": 2024, ""cumulative_gwh"": null, ""added_gwh"": null, ""basis"": ""planned"", ""event"": ""Strategic shift: California/Imperial Valley operations paused, company refocused on energy-storage (semi-solid) cells and a UAE (Ras Al Khaimah) plant. No groundbreaking ever occurred in Imperial Valley and no cell capacity was commissioned - real online capacity remained zero."", ""source_url"": ""https://www.thedesertreview.com/opinion/letters_to_editor/adapting-to-change-statevolt-s-strategic-shift/article_015fe102-5516-11ef-83c6-9f730e6e3afe.html"", ""source_date"": ""2024-08-08""}]",lithium-ion (chemistry unspecified),,mixed,,https://pv-magazine-usa.com/2023/01/24/statevolt-acquires-land-for-54-gwh-lithium-ion-battery-gigafactory/,2026-07-19,0.45,true,true
tesla-tesla-giga-texas-4680-cell-plant-united-states,Tesla Giga Texas 4680 Cell Plant,Tesla,"Tesla, Inc.",United States,USA,30.2222,-97.6171,operational,2020,2022,100.0,2024,"{""2023"":5,""2024"":7}","[{""year"": 2022, ""cumulative_gwh"": null, ""added_gwh"": null, ""basis"": ""operational"", ""event"": ""First 4680 cell production begins at Giga Texas. First production cells shown at Cyber Rodeo (Apr 2022); Tesla targeted starting volume 4680 cell production in Q3 2022 and exceeding the Kato (Fremont) pilot line's weekly output by year-end. No GWh nameplate published."", ""source_url"": ""https://electrek.co/2022/07/21/tesla-start-4680-battery-cell-production-gigafactory-texas-this-quarter/"", ""source_date"": ""2022-07-21""}, {""year"": 2023, ""cumulative_gwh"": 5, ""added_gwh"": null, ""basis"": ""operational"", ""event"": ""20 millionth 4680 cell produced at Giga Texas (10M added in ~4 months). Run rate ~600k cells/week, ~80 MWh/week, i.e. roughly 4-5 GWh/yr annualised online capacity; described as enough for ~25,000 Cybertrucks/yr. GWh figure is a press conversion of the cell run-rate, not an official nameplate."", ""source_url"": ""https://electrek.co/2023/10/11/tesla-4680-battery-cell-production-breakthrough/"", ""source_date"": ""2023-10-11""}, {""year"": 2024, ""cumulative_gwh"": 6, ""added_gwh"": null, ""basis"": ""operational"", ""event"": ""Tesla reports producing 4680 cells for >1,000 Cybertruck packs per week at Giga Texas (~123 MWh/week, ~6 GWh/yr annualised run rate). Q1 2024 4680 output up ~18-20% vs Q4 2023 (Lars Moravy). Annualised run-rate conversion, not official nameplate."", ""source_url"": ""https://teslanorth.com/2024/03/20/tesla-hits-1000-cybertruck-4680-cells-production/"", ""source_date"": ""2024-03-20""}, {""year"": 2024, ""cumulative_gwh"": 20, ""added_gwh"": null, ""basis"": ""operational"", ""event"": ""100 millionth 4680 cell produced at Giga Texas (14-15 Sep 2024), ~3 months after the 50-millionth (6 Jun 2024). Reported annualised run rate ~17.2 GWh/yr, with estimates of ~20 GWh/yr as the rate rose (~495k cells/day). Best real-world estimate of online single-site 4680 capacity in late 2024 - far below the ~100 GWh in the current DB record. Annualised run-rate conversion, not official nameplate."", ""source_url"": ""https://electrek.co/2024/09/16/tesla-produced-100-millionth-battery-cell-heres-what-it-means/"", ""source_date"": ""2024-09-16""}, {""year"": 2024, ""cumulative_gwh"": 100, ""added_gwh"": null, ""basis"": ""announced_target"", ""event"": ""Long-term aspirational target: Giga Texas 4680 cell manufacturing scaling towards ~100 GWh/yr (mid-2024 100 GWh/yr 4680 run-rate ambition). This is an unbuilt target and is frequently conflated with Tesla's SEPARATE $3.6bn Giga Nevada 100 GWh 4680 project; it likely reflects a company-wide 4680 aspiration rather than confirmed Texas nameplate. Flagged - do not treat as online capacity."", ""source_url"": ""https://www.nextbigfuture.com/2023/07/mid-2024-for-tesla-4680s-to-reach-100-gwh-per-year-runrate.html"", ""source_date"": ""2023-07-01""}]","NMC (high-nickel, NCA/NCM-type)",cylindrical,EV,,https://insideevs.com/news/722543/tesla-50millionth-4680type-battery-cell/,2024-12-15,0.6,true,true
toyota-battery-manufacturing-north-carolina-tbmnc-toyota-battery-manufacturing-north-carolina-liberty-united-states,Toyota Battery Manufacturing North Carolina (Liberty),"Toyota Battery Manufacturing, North Carolina (TBMNC)",Toyota Motor Corporation,United States,USA,,,operational,2021,2025,30.0,2030,,,lithium-ion,,mixed,"Toyota Motor North America, Toyota Tsusho",https://pressroom.toyota.com/toyota-charges-into-u-s-battery-manufacturing/,2025-11-12,0.9,true,
unigrid-battery-unigrid-san-diego-united-states,UNIGRID San Diego,UNIGRID Battery,UNIGRID Inc.,United States,USA,,,under_construction,2025,,,,,,sodium-ion,,ESS,,https://www.prnewswire.com/news-releases/unigrid-battery-awarded-california-energy-commission-ramp-grant-to-launch-advanced-sodium-ion-battery-production-in-the-us-302471091.html,2025-06-02,0.55,true,
ultium-cells-llc-ultium-cells-spring-hill-tennessee-united-states,Ultium Cells Spring Hill (Tennessee),Ultium Cells LLC,General Motors / LG Energy Solution (JV),United States,USA,,,operational,2021,2024,50.0,2027,"{""2024"":35,""2027"":50}","[{""year"": 2021, ""cumulative_gwh"": 35, ""added_gwh"": 35, ""basis"": ""announced_target"", ""event"": ""GM and LG Energy Solution announce $2.3bn second US Ultium Cells plant in Spring Hill, TN, with 35 GWh/yr nameplate; construction to begin immediately, opening targeted for late 2023."", ""source_url"": ""https://www.tn.gov/ecd/news/2021/4/16/governor-lee--commissioner-rolfe-announce-general-motors-and-lg-energy-solution-to-invest--2-3-billion-to-build-ultium-cells-manufacturing-plant-in-spring-hill.html"", ""source_date"": ""2021-04-16""}, {""year"": 2022, ""cumulative_gwh"": 50, ""added_gwh"": 15, ""basis"": ""announced_target"", ""event"": ""Ultium Cells announces additional $275m investment to expand Spring Hill nameplate capacity by ~40%, from 35 to 50 GWh/yr, when fully operational."", ""source_url"": ""https://www.tn.gov/ecd/news/2022/12/2/governor-lee--commissioner-mcwhorter-announce-ultium-cells-to-invest--275-million-to-expand-battery-cell-manufacturing-plant-in-spring-hill.html"", ""source_date"": ""2022-12-02""}, {""year"": 2024, ""cumulative_gwh"": 35, ""added_gwh"": null, ""basis"": ""operational"", ""event"": ""Spring Hill begins battery cell production (March 2024); first pouch cells shipped to GM (Cadillac Lyriq). Plant online at 35 GWh/yr, ramping toward the 50 GWh/yr target."", ""source_url"": ""https://www.kedglobal.com/batteries/newsView/ked202404020005"", ""source_date"": ""2024-04-02""}]","NMC, LFP",pouch,mixed,"General Motors, LG Energy Solution",https://news.gm.com/home.detail.html/Pages/news/us/en/2025/jul/0714-Ultium-Cells-upgrade-Tennessee-plant-low-cost-EV-battery-cell-production.html,2025-07-14,0.85,true,true
ultium-cells-llc-ultium-cells-warren-lordstown-ohio-united-states,"Ultium Cells Warren (Lordstown, Ohio)",Ultium Cells LLC,General Motors / LG Energy Solution,United States,USA,41.16,-80.85,operational,2019,2022,35.0,2024,,,"NCMA (nickel-cobalt-manganese-aluminum, high-nickel lithium-ion)",pouch,EV,"General Motors, LG Energy Solution",https://www.ultiumcell.com/our-locations/warren-ohio,2026-07-18,0.85,true,
zeta-energy-zeta-energy-houston-united-states,Zeta Energy Houston,Zeta Energy,Zeta Energy Corp,United States,USA,,,operational,,,,,,,lithium-sulfur,pouch,EV,,https://www.prnewswire.com/news-releases/stellantis-and-zeta-energy-announce-agreement-to-develop-lithium-sulfur-ev-batteries-302324002.html,2024-12-10,0.5,true,
im3ny-imperium3-new-york-im3ny-gigafactory-endicott-new-york-united-states,"iM3NY Gigafactory (Endicott, New York)",iM3NY (Imperium3 New York),Magnis Energy Technologies,United States,USA,42.096,-76.045,operational,2021,2022,1.8,2023,"{""2022"":1,""2023"":1.8}",,LFP,,mixed,"Magnis Energy Technologies, Charge CCCV (C4V)",https://im3ny.com/gigafactory/,2026-07-19,0.75,true,
